{
  "version": "1.0.0",
  "language": "multilingual",
  "source": "English Wikipedia (en.wikipedia.org) + Romanian Wikipedia (ro.wikipedia.org)",
  "license": "CC-BY-SA 3.0",
  "createdAt": "2025-11-17",
  "totalBirds": 21,
  "birds": [
    {
      "id": "1",
      "scientific": "Acrocephalus scirpaceus",
      "name": {
        "en": "Reed Warbler",
        "ro": "Lăcar de stuf"
      },
      "description": {
        "en": "<p>This is a medium-sized warbler, 13 cm (5.1 in) in length with a wing-span of 17–21 cm (6.7–8.3 in). The adult has an unstreaked brown back and buff underparts. The forehead is flattened, and the bill is strong and pointed. The sexes are identical, as with most warblers, but young birds are richer buff below. The common reed warbler looks similar to the great reed warbler, but the great reed warbler is larger in size and has a stronger supercilium.</p><p>The song is a slow, chattering jit-jit-jit with typically acrocephaline whistles and mimicry added.</p>",
        "ro": "<p>Acesta este un lăcar de dimensiuni medii, de 13 cm (5,1 inchi) lungime, cu o anvergură a aripilor de 17–21 cm (6,7–8,3 inchi). Adultul are un spate maro uniform și părțile inferioare pline de culoare. Fruntea este turtita, iar ciocul este puternic si ascutit. Sexele sunt identice, la fel ca în cazul majorității lăcarilor. Lăcarul de stuf obișnuit arată asemănător cu lăcarul mare, dar lăcarul mare este mai mare și are un supraciliu mai puternic.</p>\n<p>Cântecul este un jit-jit-jit lent, zdruncinat, cu fluiere tipic acrocefaline și mimică adăugate.</p>"
      },
      "habitat": {
        "en": "reedbeds",
        "ro": "stufărișuri"
      },
      "rarity": "common",
      "monthlyRarity": {
        "1": "",
        "2": "",
        "3": "",
        "4": "M",
        "5": "A",
        "6": "A",
        "7": "A",
        "8": "A",
        "9": "A",
        "10": "M",
        "11": "",
        "12": ""
      },
      "status": "SB",
      "statusDetails": "Summer breeding",
      "conservationStatus": "",
      "wikipediaUrl": "https://en.wikipedia.org/wiki/Common_reed_warbler",
      "wikipediaUrlRo": null,
      "image": "acrocephalus_scirpaceus_01.jpg",
      "thumbnail": "acrocephalus_scirpaceus_01_thumb.jpg",
      "imageCredit": {
        "filename": "acrocephalus_scirpaceus_00.jpg",
        "author": "Didier Descouens",
        "license": "CC BY-SA 3.0",
        "sourceUrl": "https://commons.wikimedia.org/wiki/File:Acrocephalus_scirpaceus_MHNT_323_Larache_MAroc_RdN.jpg",
        "attribution": "Photo by Didier Descouens / Wikimedia Commons / CC BY-SA 3.0"
      }
    },
    {
      "id": "2",
      "scientific": "Alcedo atthis",
      "name": {
        "en": "Common Kingfisher",
        "ro": "Pescăraș albastru"
      },
      "description": {
        "en": "<p>This species has the typical short-tailed, dumpy-bodied, large-headed, and long-billed kingfisher shape. The adult male of the western European subspecies, A. a. ispida has green-blue upperparts with pale azure-blue back and rump, a rufous patch by the bill base, and a rufous ear-patch. It has a green-blue neck stripe, white neck blaze and throat, rufous underparts, and a black bill with some red at the base. The legs and feet are bright red. It is about .mw-parser-output .frac{white-space:nowrap}.mw-parser-output .frac .num,.mw-parser-output .frac .den{font-size:80%;line-height:0;vertical-align:super}.mw-parser-output .frac .den{vertical-align:sub}.mw-parser-output .sr-only{border:0;clip:rect(0,0,0,0);clip-path:polygon(0px 0px,0px 0px,0px 0px);height:1px;margin:-1px;overflow:hidden;padding:0;position:absolute;width:1px}16 cm (6+12 in) long with a wingspan of 25 cm (10 in), and weighs 34–46 g (1+316–1+58 oz). The female is identical in appearance to the male except that her lower mandible is orange-red with a black tip. The juvenile is similar to the adult, but with duller and greener upperparts and paler underparts. Its bill is black, and the legs are also initially black. Feathers are moulted gradually between July and November with the main flight feathers taking 90–100 days to moult and regrow. Some that moult late may suspend their moult during cold winter weather.</p><p>The flight of the kingfisher is fast, direct and usually low over water. The short, rounded wings whirr rapidly, and a bird flying away shows an electric-blue \"flash\" down its back.</p><p>In North Africa, Europe and Asia north of the Himalayas, this is the only small blue kingfisher. In south and southeast Asia, it can be confused with six other small blue-and-rufous kingfishers, but the rufous ear patches distinguish it from all but juvenile blue-eared kingfishers; details of the head pattern may be necessary to differentiate the two species where both occur.</p><p>The common kingfisher has no song. The flight call is a short, sharp whistle chee repeated two or three times. Anxious birds emit a harsh, shrit-it-it and nestlings call for food with a churring noise.</p>",
        "ro": "<p>Pescărașul albastru, cunoscut și ca pescărel albastru, este o pasăre care face parte din familia Alcedinidae reprezentată printr-o singură specie în Europa Centrală. Arealul lui de răspândire este Europa, Asia și Africa de Nord. Pasărea trăiește pe malul apelor curgătoare repezi sau al celor stătătoare cu apa clară unde trăiesc pești. Hrana principală sunt peștii mici, insectele acvatice, larvele acestora dar și crustaceii mici și mormolocii. În ultimul timp, efectivul de păsări s-a refăcut după o perioadă în care această pasăre era o specie periclitată.</p>"
      },
      "habitat": {
        "en": "freshwater",
        "ro": "ape dulci"
      },
      "rarity": "common",
      "monthlyRarity": {
        "1": "M",
        "2": "M",
        "3": "M",
        "4": "M",
        "5": "M",
        "6": "M",
        "7": "M",
        "8": "M",
        "9": "M",
        "10": "M",
        "11": "M",
        "12": "M"
      },
      "status": "AY",
      "statusDetails": "Common all year",
      "conservationStatus": "",
      "wikipediaUrl": "https://en.wikipedia.org/wiki/Common_kingfisher",
      "wikipediaUrlRo": "https://ro.wikipedia.org/wiki/Pesc%C4%83ra%C8%99_albastru",
      "image": "alcedo_atthis_00.jpg",
      "thumbnail": "alcedo_atthis_00_thumb.jpg",
      "imageCredit": {
        "filename": "alcedo_atthis_00.jpg",
        "author": "Pierre Dalous",
        "license": "CC BY-SA 3.0",
        "sourceUrl": "https://commons.wikimedia.org/wiki/File:Alcedo_atthis_eating_a_tadpole.jpg",
        "attribution": "Photo by Pierre Dalous / Wikimedia Commons / CC BY-SA 3.0"
      }
    },
    {
      "id": "3",
      "scientific": "Ardea alba",
      "name": {
        "en": "Great Egret",
        "ro": "Egretă mare"
      },
      "description": {
        "en": "<p>The great egret is a large heron with all-white plumage. Standing up to 1 m (3 ft 3 in) tall, this species can measure 80 to 104 cm (31 to 41 in) in length with a wingspan of 131 to 170 cm (52 to 67 in). Body mass can range from 700 to 1,500 g (25 to 53 oz), with an average around 1,000 g (35 oz). It is thus only slightly smaller than the great blue or grey heron (A. cinerea). Apart from size, the great egret can be distinguished from other white egrets by its yellow bill and black legs and feet, though the bill may become darker and the lower legs lighter in the breeding season. In breeding plumage, delicate ornamental feathers are borne on the back. Males and females are identical in appearance; juveniles look like nonbreeding adults. Differentiated from the intermediate egret (Ardea intermedia) by the gape, which extends well beyond the back of the eye in case of the great egret, but ends just behind the eye in case of the intermediate egret.</p><p>Its flight is slow with its neck retracted. This is characteristic of herons and bitterns, and distinguishes them from storks, cranes, ibises, and spoonbills, which extend their necks in flight. The great egret walks with its neck extended and wings held close. The great egret is not normally a vocal bird; it gives a low, hoarse croak when disturbed, and at breeding colonies, it often gives a loud croaking cuk cuk cuk and higher-pitched squawks.</p><p>Owing to its wide distribution across so much of the Americas, as well as Africa, Europe and Asia, the great egret shares its habitat with many other similar species. For example, the little egret (Egretta garzetta), intermediate egret (Ardea intermedia), Chinese egret (Egretta eulophotes), and the western reef heron (Egretta gularis). In the Americas, the snowy egret (Egretta thula)—a medium-sized heron that shares the same habitat as the great egret—is one such species. The snowy egret is readily distinguished from the great egret because it is noticeably smaller, and it has a more slender bill which is black in color and yellow feet, whereas the great egret has a yellow bill and black feet. Another species that—in North America—is easily confused with the great egret is the white morph of the great blue heron (Ardea herodias). The great blue heron is a bit larger, and has a thicker bill than that of the great egret.</p>",
        "ro": "<p>Egreta mare (Ardea alba) este o pasăre mare din familia Ardeidae, care este larg răspândită. Cele patru subspecii se găsesc în Asia, Africa, America și sudul Europei. Recent, s-a răspândit și în zonele mai nordice ale Europei. Distribuită în majoritatea regiunilor tropicale și temperate calde ale lumii, această specie construiește cuiburi în copaci, în colonii, în apropierea apei.</p>"
      },
      "habitat": {
        "en": "coastal areas, reedbeds",
        "ro": "zone de coastă, păduri"
      },
      "rarity": "common",
      "monthlyRarity": {
        "1": "R",
        "2": "R",
        "3": "R",
        "4": "M",
        "5": "M",
        "6": "M",
        "7": "M",
        "8": "M",
        "9": "A",
        "10": "R",
        "11": "R",
        "12": "R"
      },
      "status": "AY",
      "statusDetails": "Partially migrant",
      "conservationStatus": "",
      "wikipediaUrl": "https://en.wikipedia.org/wiki/Great_egret",
      "wikipediaUrlRo": "https://ro.wikipedia.org/wiki/Egret%C4%83_mare",
      "image": "ardea_alba_00.jpg",
      "thumbnail": "ardea_alba_00_thumb.jpg",
      "imageCredit": {
        "filename": "ardea_alba_00.jpg",
        "author": "Frank Schulenburg",
        "license": "CC BY-SA 4.0",
        "sourceUrl": "https://commons.wikimedia.org/wiki/File:Great_Egret_during_mating_season_at_Smith_Oaks_Sanctuary,_High_Island.jpg",
        "attribution": "Photo by Frank Schulenburg / Wikimedia Commons / CC BY-SA 4.0"
      }
    },
    {
      "id": "4",
      "scientific": "Ardea cinerea",
      "name": {
        "en": "Grey Heron",
        "ro": "Stârc cenușiu"
      },
      "description": {
        "en": "<p>The grey heron is a large bird, standing up to 100 cm (40 in) tall and measuring 84–102 cm (33–40 in) long with a 155–195 cm (61–77 in) wingspan. The plumage is largely ashy-grey above, and greyish-white below, with some black on the flanks. Adults have a white head and neck with a broad black supercilium that terminates in the slender, dangling crest, and bluish-black streaks on the front of the neck. The scapular feathers and the feathers at the base of the neck are somewhat elongated. Immature birds lack the dark stripe on the head and are generally duller in appearance than adults, with a grey head and neck, and a small, dark grey crest. The pinkish-yellow beak is long, straight, and powerful, and is brighter in color in breeding adults. The iris is yellow and the legs are brown and very long.</p><p>The main call is a loud croaking \"fraaank\", but a variety of guttural and raucous noises are heard at the breeding colony. The male uses an advertisement call to encourage a female to join him at the nest, and both sexes use various greeting calls after a pair bond has been established. A loud, harsh \"schaah\" is used by the male in driving other birds from the vicinity of the nest and a soft \"gogogo\" expresses anxiety, as when a predator is nearby or a human walks past the colony. The chicks utter loud chattering or ticking noises.</p>",
        "ro": "<p>Stârcul cenușiu (Ardea cinerea), cunoscut și sub numele de bâtlan, este o pasăre din ordinul Pelecaniformes, familia Ardeidae.</p>"
      },
      "habitat": {
        "en": "reedbeds",
        "ro": "zone umede"
      },
      "rarity": "common",
      "monthlyRarity": {
        "1": "M",
        "2": "M",
        "3": "M",
        "4": "M",
        "5": "M",
        "6": "M",
        "7": "M",
        "8": "M",
        "9": "M",
        "10": "M",
        "11": "M",
        "12": "M"
      },
      "status": "AY",
      "statusDetails": "Common all year",
      "conservationStatus": "",
      "wikipediaUrl": "https://en.wikipedia.org/wiki/Grey_heron",
      "wikipediaUrlRo": "https://ro.wikipedia.org/wiki/St%C3%A2rc_cenu%C8%99iu",
      "image": "ardea_cinerea_00.jpg",
      "thumbnail": "ardea_cinerea_00_thumb.jpg",
      "imageCredit": {
        "filename": "ardea_cinerea_00.jpg",
        "author": "Luc Viatour",
        "license": "CC BY-SA 3.0",
        "sourceUrl": "https://commons.wikimedia.org/wiki/File:Ardea_cinerea_Luc_Viatour.jpg",
        "attribution": "Photo by Luc Viatour / Wikimedia Commons / CC BY-SA 3.0"
      }
    },
    {
      "id": "5",
      "scientific": "Ardea purpurea",
      "name": {
        "en": "Purple Heron",
        "ro": "Stârc roșu"
      },
      "description": {
        "en": "<p>The purple heron is a large bird, 78–97 cm (31–38 in) in length with a standing height from 70 to 94 cm (28 to 37 in) and a 120–152 cm (47–60 in) wingspan. However, it is slender for its size, weighing only 0.5 to 1.35 kg (1.1 to 3.0 lb). It is somewhat smaller than the grey heron, from which it can be distinguished by its darker reddish-brown plumage, and, in adults, its darker grey back. Adults have the forehead and the crown of the head black, with a dark stripe down the back of the neck that terminates in a slender, dangling crest. This is shorter than the crest of the grey heron and does not exceed 140 mm (5.5 in). The sides of the head and the neck are buffish chestnut, with dark streaks and lines down either side of the whole the neck. The mantle is oily brown and the upper scapular feathers are elongated but not the lower ones. The rest of the upper parts and the tail are brownish grey. The front of the neck is paler than the sides and there are some elongated feathers at the base of the neck which are streaked with white, chestnut and black. The breast is chestnut brown, with some blackening at the side, and the belly and under-tail coverts are black. The brownish-yellow beak is long, straight and powerful, and is brighter in colour in breeding adults. The iris is yellow and the legs are brown at the front and yellowish behind.</p><p>The call is a harsh \"frarnk\", but is quieter and more high-pitched than that of the grey heron. It is generally a less noisy bird, though similar guttural sounds are heard emanating from the heronry. It is also less robust, and appears somewhat hollow-chested. Its head and neck are more slender and snake-like than the grey heron and its toes much longer. Unlike that bird, it often adopts a posture with its neck extending obliquely, and even nestlings tend to use this stance.</p>",
        "ro": "<p>Stârcul roșu are o lungime a corpului de la 70 până la 90 cm (cu gâtul întins) și o anvergură a aripilor de la 107 până la 143 cm. Este mai mic decât stârcul cenușiu, căruia i se aseamănă în zbor, dar se deosebește de el prin colorit și prin degetele de la picioare mai lungi. Picioarele și ciocul mai subțire și mai puțin asemănător cu o suliță sunt de un galben mat iar creasta ciocului este închisă la culoare, baza părții superioare a ciocului fiind deschisă. Capul este mai mic și mai plat decât la stârcul cenușiu. Irisul este galben.</p><p>Partea de la cap la gât este roșu-maronie iar pe gât se găsesc dungi negre. Partea superioară a corpului este gri-închis, elitrele având în special la mascul un ton albastru-violet. Stârcul își ține capul în formă de S în zbor. Frecvența datului din aripi este mai mare decât la stârcul cenușiu.</p>"
      },
      "habitat": {
        "en": "reedbeds",
        "ro": "zone de coastă"
      },
      "rarity": "common",
      "monthlyRarity": {
        "1": "",
        "2": "",
        "3": "",
        "4": "R",
        "5": "M",
        "6": "M",
        "7": "M",
        "8": "M",
        "9": "M",
        "10": "R",
        "11": "",
        "12": ""
      },
      "status": "SB",
      "statusDetails": "Common in summer",
      "conservationStatus": "",
      "wikipediaUrl": "https://en.wikipedia.org/wiki/Purple_heron",
      "wikipediaUrlRo": "https://ro.wikipedia.org/wiki/St%C3%A2rc_ro%C8%99u",
      "image": "ardea_purpurea_00.jpg",
      "thumbnail": "ardea_purpurea_00_thumb.jpg",
      "imageCredit": {
        "filename": "ardea_purpurea_00.jpg",
        "author": "Pierre Dalous",
        "license": "CC BY-SA 3.0",
        "sourceUrl": "https://commons.wikimedia.org/wiki/File:Ardea_purpurea,_Tarn,_France,_2012.jpg",
        "attribution": "Photo by Pierre Dalous / Wikimedia Commons / CC BY-SA 3.0"
      }
    },
    {
      "id": "6",
      "scientific": "Chroicocephalus ridibundus",
      "name": {
        "en": "Black-headed Gull",
        "ro": "Pescăruș cu cap negru"
      },
      "description": {
        "en": "<p>This gull is .mw-parser-output .frac{white-space:nowrap}.mw-parser-output .frac .num,.mw-parser-output .frac .den{font-size:80%;line-height:0;vertical-align:super}.mw-parser-output .frac .den{vertical-align:sub}.mw-parser-output .sr-only{border:0;clip:rect(0,0,0,0);clip-path:polygon(0px 0px,0px 0px,0px 0px);height:1px;margin:-1px;overflow:hidden;padding:0;position:absolute;width:1px}34–39 cm (13+12–15+12 in) long with a 100–110 cm (39+12–43+12 in) wingspan and weighs 166–400 g (5+78–14+18 oz); males (186–400 g) average heavier than females (166–350 g), but with considerable overlap.</p><p>In flight, the white leading edge of the outer wing (the outer primaries) is a good field mark, particularly combined with the dark underside of the inner primaries, which distinguishes it from the white underside of those feathers in its close relative the Bonaparte's gull. The summer adult has a chocolate-brown head (not black, although does look black from a distance), white neck, underparts and tail, pale grey wings and back, black tips to the primary wing feathers, and red bill and legs. The hood is lost in winter, leaving just two dark spots above and behind the eye. Summer plumage occurs from March to July (rarely from late January, and into August), winter plumage from late July until March or April. Black-headed gulls take two years to reach maturity. Juvenile birds, for the first month or two after fledging, have a mottled pattern of brown spots over most of the body, and a black band on the tail; in late summer, they moult into first-winter plumage, with a grey back, but retaining a brown carpal bar on the inner wing, blackish secondary feathers, and the black band on the tail. In their first summer (one year old), they develop a partial brown hood, the extent of which is very variable between individuals from almost no brown on the head, to a hood like a full adult's. The second winter plumage is like adult plumage, except for occasional brown marks on the wings and tail tip in some individuals. There is no difference in plumage between the sexes.</p><p>It breeds in colonies in large reed beds or marshes, or on islands in lakes, nesting on the ground; colonies may range from a few (or even single) pairs up to several thousand pairs, exceptionally over 10,000 pairs. Like most gulls, it is highly gregarious in winter, both when feeding and in evening roosts. It is not a pelagic species and is rarely seen at sea far from coasts.</p><p>Like most gulls, black-headed gulls are long-lived birds, with a maximum age of at least 32.9 years recorded in the wild.</p>",
        "ro": "<p><em>(tradus automat din Engleză)</em></p>\n<p>Acest pescăruș este .mw-parser-output .frac{white-space:nowrap}.mw-parser-output .frac .num,.mw-parser-output .frac .den{font-size:80%;line-height:0;vertical-align:super}.mw-parser-output .frac . .sr-only{border:0;clip:rect(0,0,0,0);clip-path:polygon(0px 0px,0px 0px,0px 0px);height:1px;margin:-1px;overflow:hidden;padding:0;position:absolute;width:1px–}34–39 cm (13+1 inch) lungime cu 13+1 12 inch cm (39+12–43+12 in) anvergura aripilor și cântărește 166–400 g (5+78–14+18 oz); masculii (186–400 g) în medie mai grei decât femelele (166–350 g), dar cu suprapunere considerabilă.</p>\n<p>În zbor, marginea anterioară albă a aripii exterioare (primarele exterioare) este un semn de câmp bun, în special combinat cu partea inferioară întunecată a primarelor interioare, care o deosebește de partea inferioară albă a acelor pene la ruda sa apropiată pescăruşul Bonaparte. Adultul de vară are capul maro-ciocolat (nu negru, deși arată negru de la distanță), gâtul, părțile inferioare și coada albe, aripi și spate gri pal, vârfuri negre la penele aripilor primare și cicul și picioarele roșii. Capota se pierde iarna, lăsând doar două pete întunecate deasupra și în spatele ochiului. Penajul de vară apare din martie până în iulie (rar de la sfârșitul lunii ianuarie și în august), penajul de iarnă de la sfârșitul lunii iulie până în martie sau aprilie. Pescărușilor cu cap negru îi ia doi ani să ajungă la maturitate. Păsările juvenile, în prima lună sau două după înflorire, au un model pestriț de pete maro pe cea mai mare parte a corpului și o bandă neagră pe coadă; la sfârșitul verii, năpresc în penaj de prima iarnă, cu spatele gri, dar păstrând o bară carpiană maro pe aripa interioară, pene secundare negricioase și banda neagră pe coadă. În prima lor vară (în vârstă de un an), ei dezvoltă o glugă maro parțială, a cărei întindere este foarte variabilă între indivizi, de la aproape deloc maro pe cap, până la o glugă ca a unui adult complet. Al doilea penaj de iarnă este ca penajul adultului, cu excepția unor semne maro ocazionale de pe aripi și vârful cozii la unii indivizi. Nu există nicio diferență de penaj între sexe.</p>\n<p>Se reproduce în colonii în stufărișuri mari sau mlaștini, sau pe insule din lacuri, cuibărându-se pe pământ; coloniile pot varia de la câteva (sau chiar singure) perechi până la câteva mii de perechi, în mod excepțional peste 10.000 de perechi. La fel ca majoritatea pescărușilor, este foarte gregar iarna, atât la hrănire, cât și la adăposturi de seară. Nu este o specie pelagică și este rar întâlnită pe mare departe de coastă.</p>\n<p>Ca majoritatea pescărușilor, pescărușii cu cap negru sunt păsări longevive, cu o vârstă maximă de cel puțin 32,9 ani înregistrată în sălbăticie.</p>"
      },
      "habitat": {
        "en": "lakes, coastal areas, reedbeds",
        "ro": "lacuri, zone de coastă, stufărișuri"
      },
      "rarity": "common",
      "monthlyRarity": {
        "1": "A",
        "2": "A",
        "3": "A",
        "4": "A",
        "5": "A",
        "6": "A",
        "7": "A",
        "8": "A",
        "9": "A",
        "10": "A",
        "11": "A",
        "12": "A"
      },
      "status": "AY",
      "statusDetails": "Very common all year",
      "conservationStatus": "",
      "wikipediaUrl": "https://en.wikipedia.org/wiki/Black-headed_gull",
      "wikipediaUrlRo": null,
      "image": "chroicocephalus_ridibundus_00.jpg",
      "thumbnail": "chroicocephalus_ridibundus_00_thumb.jpg",
      "imageCredit": {
        "filename": "chroicocephalus_ridibundus_00.jpg",
        "author": "ArildV",
        "license": "CC BY-SA 3.0",
        "sourceUrl": "https://commons.wikimedia.org/wiki/File:Chroicocephalus_ridibundus_2012a.jpg",
        "attribution": "Photo by ArildV / Wikimedia Commons / CC BY-SA 3.0"
      }
    },
    {
      "id": "7",
      "scientific": "Ciconia ciconia",
      "name": {
        "en": "White Stork",
        "ro": "Barză albă"
      },
      "description": {
        "en": "<p>The white stork is a large bird. It has a length of 100–115 cm (39–45 in), and a standing height of 100–125 cm (39–49 in). The wingspan is 155–215 cm (61–85 in) and its weight is 2.3–4.5 kg (5.1–9.9 lb). Like all storks, it has long legs, a long neck and a long straight pointed beak. The sexes are identical in appearance, except that males are larger than females on average. The plumage is mainly white with black flight feathers and wing coverts; the black is caused by the pigment melanin. The breast feathers are long and shaggy forming a ruff which is used in some courtship displays. The irises are dull brown or grey, and the peri-orbital skin is black. The adult has a bright red beak and red legs, the colouration of which is derived from carotenoids in the diet. In parts of Spain, studies have shown that the pigment is based on astaxanthin obtained from an introduced species of crayfish (Procambarus clarkii) and the bright red beak colours show up even in nestlings, in contrast to the duller beaks of young white storks elsewhere.</p><p>As with other storks, the wings are long and broad enabling the bird to soar. In flapping flight its wingbeats are slow and regular. It flies with its neck stretched forward and with its long legs extended well beyond the end of its short tail. It walks at a slow and steady pace with its neck upstretched. In contrast, it often hunches its head between its shoulders when resting. Moulting has not been extensively studied, but appears to take place throughout the year, with the primary flight feathers replaced over the breeding season.</p><p>Upon hatching, the young white stork is partly covered with short, sparse, whitish down feathers. This early down is replaced about a week later with a denser coat of woolly white down. By three weeks, the young bird acquires black scapulars and flight feathers. On hatching the chick has pinkish legs, which turn to greyish-black as it ages. Its beak is black with a brownish tip. By the time it fledges, the juvenile bird's plumage is similar to that of the adult, though its black feathers are often tinged with brown, and its beak and legs are a duller brownish-red or orange. The beak is typically orange or red with a darker tip. The bills gain the adults' red colour the following summer, although the black tips persist in some individuals. Young storks adopt adult plumage by their second summer.</p><p>Within its range the white stork is distinctive when seen on the ground. The winter range of C. c. asiatica overlaps that of the Asian openbill, which has similar plumage but a different bill shape. When seen at a distance in flight, the white stork can be confused with several other species with similar underwing patterns, such as the yellow-billed stork, great white pelican and Egyptian vulture. The yellow-billed stork is identified by its black tail and a longer, slightly curved, yellow beak. The white stork also tends to be larger than the yellow-billed stork. The great white pelican has short legs which do not extend beyond its tail, and it flies with its neck retracted, keeping its head near to its stocky body, giving it a different flight profile. Pelicans also behave differently, soaring in orderly, synchronised flocks rather than in disorganised groups of individuals as the white stork does. The Egyptian vulture is much smaller, with a long wedge-shaped tail, shorter legs and a small yellow-tinged head on a short neck. The common crane, which can also look black and white in strong light, shows longer legs and a longer neck in flight.</p>",
        "ro": "<p>Barza albă este o pasăre mare. Are o lungime de 100–115 cm, și o înălțime de 100–125 cm. Anvergura aripilor este de 155–215 cm, iar greutatea sa este de 2,3–4,5 kg. Ca toate berzele, are picioare lungi, gât lung și cioc ascuțit, lung și drept. Sexele sunt identice la aspect, cu excepția faptului că masculii sunt în medie mai mari decât femelele. Penajul⁠(d) este în principal alb cu pene de zbor și tectrice negre; negrul este cauzat de melanina pigmentară. Penele de pe piept sunt lungi și zburlite, ansamblul lor fiind uneori utilizat la curtarea femelelor. Irisul este maro sau gri, iar pielea periorbitală este neagră. Adulții au un cioc roșu strălucitor și picioare roșii, a căror colorare este derivată din carotenoidele din hrană. În unele părți ale Spaniei, s-a constatat că pigmentul se bazează pe astaxantină obținută de la o specie de rac introdusă (Procambarus clarkii⁠(d)), iar culorile roșii strălucitor ale ciocului apar chiar și la pui, spre deosebire de ciocurile de culori mai șterse ale puilor de berze albe din alte zone.</p><p>Ca și în cazul altor berze, aripile sunt lungi și largi, permițând păsării să se ridice rapid. Când dau din aripi, mișcările sunt lente și regulate. Barza zboară cu gâtul întins în față și cu picioarele lungi întinse dincolo de capătul cozii scurte. Merge într-un ritm lent și stabil, cu gâtul înălțat. Când se odihnește, adesea își retrage capul între umeri. Năpârlirea nu a fost studiată pe scară largă, dar pare să aibă loc pe tot parcursul anului, penele de zbor primare fiind înlocuite în timpul sezonului de reproducere.</p><p>La ieșirea din ou, puiul de barză albă este parțial acoperit cu un puf scurt, rar și albicios. Acest puf timpuriu este înlocuit în decurs de o săptămână cu un strat mai dens de puf alb lânos. Până la vârsta de trei săptămâni, puiul dobândește pene scapulare și de zbor negre. La eclozare, puii au picioarele roz, care se transformă în gri-negru pe măsură ce cresc. Ciocul lor este negru, cu vârf maroniu. Până în momentul în care începe să zboare, penajul puilor devine similar cu cel al adultului, deși penele negre sunt adesea colorate în maro, iar ciocul și picioarele sunt de un roșu-maroniu mai deschis, sau portocaliu. Ciocul este de obicei portocaliu sau roșu cu un vârf închis la culoare. În vara următoare, puii dobândesc culoarea roșie a adulților, deși vârfurile negre persistă la unii indivizi. Puii adoptă penajul adulților până la a doua lor vară.</p><p>În arealul său, barza albă este ușor de recunoscut atunci când este văzută la sol. Arealul de iarnă al speciei C. c. asiatica se suprapune cu cel al berzei asiatice cu cioc deschis, care are un penaj similar, dar o altă formă a ciocului. Când sunt văzute de la distanță în zbor, berzele albe pot fi confundate cu alte câteva specii cu modele asemănătoare pe penele de pe partea ventrală, cum ar fi barza cu cioc galben, pelicanul mare alb și vulturul egiptean. Barza cu cioc galben este identificată prin coada ei neagră și ciocul galben mai lung, ușor curbat. Barza albă tinde, de asemenea, să fie mai mare decât barza galbenă. Pelicanul mare alb are picioare scurte care nu se extind dincolo de coada lui, și zboară cu gâtul retras, ținându-și capul aproape de corpul său îndesat, dându-i un profil de zbor diferit. Pelicanii se comportă diferit, zburând în stoluri ordonate, sincronizate, și nu în grupuri dezorganizate de indivizi ca barza albă. Vulturul egiptean este mult mai mic, cu o coadă în formă de triunghi alungit, cu picioare mai scurte și cu un cap mic, gălbui, cu gât scurt. Cocorul comun, care poate părea și el alb-negru în lumină puternică, prezintă picioare mai lungi și un gât mai lung în zbor.</p>"
      },
      "habitat": {
        "en": "coastal areas, reedbeds",
        "ro": "zone de coastă"
      },
      "rarity": "uncommon",
      "monthlyRarity": {
        "1": "",
        "2": "",
        "3": "",
        "4": "A",
        "5": "A",
        "6": "A",
        "7": "A",
        "8": "A",
        "9": "A",
        "10": "",
        "11": "",
        "12": ""
      },
      "status": "SB",
      "statusDetails": "Common in summer",
      "conservationStatus": "",
      "wikipediaUrl": "https://en.wikipedia.org/wiki/White_stork",
      "wikipediaUrlRo": "https://ro.wikipedia.org/wiki/Barz%C4%83_alb%C4%83",
      "image": "ciconia_ciconia_00.jpg",
      "thumbnail": "ciconia_ciconia_00_thumb.jpg",
      "imageCredit": {
        "filename": "ciconia_ciconia_00.jpg",
        "author": "Andreas Trepte",
        "license": "CC BY-SA 2.5",
        "sourceUrl": "https://commons.wikimedia.org/wiki/File:White_Stork.jpg",
        "attribution": "Photo by Andreas Trepte / Wikimedia Commons / CC BY-SA 2.5"
      }
    },
    {
      "id": "8",
      "scientific": "Circus aeruginosus",
      "name": {
        "en": "Marsh Harrier",
        "ro": "Harrier de mlaștină"
      },
      "description": {
        "en": "<p>The western marsh harrier is 48 to 56 cm (19 to 22 in) in length, has a wingspan of 115 to 130 cm (45 to 51 in) and a weight of 400 to 650 g (14 to 23 oz) in males and 550 to 800 g (19 to 28 oz) in females. It is a large, bulky harrier, larger than other European harriers, with fairly broad wings, and is sexually dimorphic. The male's plumage is mostly a cryptic reddish-brown with lighter yellowish streaks, which are particularly prominent on the breast. The head and shoulders are mostly pale greyish-yellowish. The rectrices and the secondary and tertiary remiges are pure grey, the latter contrasting with the brown forewing and the black primary remiges at the wingtips. The upperside and underside of the wing look similar, though the brown is lighter on the underwing. Whether from the side or below, flying males appear characteristically three-colored brown-grey-black. The legs, feet, irides and the cere of the black bill are yellow.</p><p>The female is almost entirely chocolate-brown. The top of the head, the throat and the shoulders are of a conspicuously lighter yellowish colour; this can be clearly delimited and very contrasting, or (particularly in worn plumage) be more washed-out, resembling the male's head colours. But the eye area of the female is always darker, making the light eye stand out, while the male's head is altogether not very contrastingly coloured and the female lacks the grey wing-patch and tail. Juveniles are similar to females, but usually have less yellow, particularly on the shoulders.</p><p>There is a rare hypermelanic morph with largely dark plumage. It is most often found in the east of the species' range. Juveniles of this morph may look entirely black in flight.</p>",
        "ro": "<p><em>(tradus automat din Engleză)</em></p>\n<p>Harrierul de mlaștină vestic are o lungime de 48 până la 56 cm (19 până la 22 inchi), are o anvergură a aripilor de 115 până la 130 cm (45 până la 51 inchi) și o greutate de 400 până la 650 g (14 până la 23 oz) la masculi și 550 până la 800 g (19 până la 28 oz) la femele. Este un ardei mare, voluminos, mai mare decât alți arși europeni, cu aripi destul de largi și este dimorf din punct de vedere sexual. Penajul masculului este în cea mai mare parte de un maro-roșcat criptic, cu dungi gălbui mai deschise, care sunt deosebit de proeminente pe sân. Capul și umerii sunt în cea mai mare parte de culoare gri-gălbuie pal. Rectricele și remigele secundare și terțiare sunt de culoare gri pur, acestea din urmă contrastând cu aripile anterioare maro și cu remigele primare negre de la vârfurile aripilor. Partea superioară și inferioară a aripii arată similar, deși maroul este mai deschis pe sub aripă. Fie din lateral, fie dedesubt, masculii zburători apar caracteristic trei culori maro-gri-negru. Picioarele, picioarele, irizațiile și cerul becului negru sunt galbene.</p>\n<p>Femela este aproape în întregime maro-ciocolată. Vârful capului, gâtul și umerii sunt de o culoare gălbuie vizibil mai deschisă; aceasta poate fi clar delimitată și foarte contrastantă sau (în special în penajul uzat) poate fi mai spălată, asemănătoare cu culorile capului masculului. Dar zona ochilor femelei este întotdeauna mai întunecată, ceea ce face ca ochiul deschis să iasă în evidență, în timp ce capul masculului nu este în totalitate foarte contrastant, iar femelei îi lipsesc petei și coada gri. Puieții sunt similari cu femelele, dar de obicei au mai puțin galben, în special pe umeri.</p>\n<p>Există o morfologie hipermelanică rară, cu penaj în mare parte întunecat. Cel mai des se găsește în estul razei speciilor. Puieții cu această formă pot părea complet negri în zbor.</p>"
      },
      "habitat": {
        "en": "marshes",
        "ro": "mlaștini"
      },
      "rarity": "common",
      "monthlyRarity": {
        "1": "A",
        "2": "A",
        "3": "A",
        "4": "A",
        "5": "A",
        "6": "A",
        "7": "A",
        "8": "A",
        "9": "A",
        "10": "A",
        "11": "A",
        "12": "A"
      },
      "status": "AY",
      "statusDetails": "Common all year",
      "conservationStatus": "",
      "wikipediaUrl": "https://en.wikipedia.org/wiki/Western_marsh_harrier",
      "wikipediaUrlRo": null,
      "image": "circus_aeruginosus_02.jpg",
      "thumbnail": "circus_aeruginosus_02_thumb.jpg",
      "imageCredit": {
        "filename": "circus_aeruginosus_00.jpg",
        "author": "Roger Culos",
        "license": "CC BY-SA 4.0",
        "sourceUrl": "https://commons.wikimedia.org/wiki/File:Circus_aeruginosus_MHNT.ZOO.2010.11.82.5.jpg",
        "attribution": "Photo by Roger Culos / Wikimedia Commons / CC BY-SA 4.0"
      }
    },
    {
      "id": "9",
      "scientific": "Cygnus olor",
      "name": {
        "en": "Mute Swan",
        "ro": "Lebădă de vară"
      },
      "description": {
        "en": "<p>Adults of this large swan typically range from 140 to 160 cm (55 to 63 in) long, although they can range in extreme cases from 125 to 170 cm (49 to 67 in), with a 200 to 240 cm (79 to 94 in) wingspan. Males are larger than females and have a larger knob on their bill. On average, this is the second largest waterfowl species after the trumpeter swan, although male mute swans can easily match or even exceed a male trumpeter in mass. Among standard measurements of the mute swan, the wing chord measures 53–62.3 cm (20.9–24.5 in), the tarsus is 10–11.8 cm (3.9–4.6 in), and the bill is 6.9–9 cm (2.7–3.5 in). The plumage is white, while the legs are dark grey. The beak of the mute swan is bright orange, with black around the nostrils and a black nail.</p><p>The mute swan is one of the heaviest extant flying birds. In several studies from Great Britain, males (known as cobs) were found to average from about 10.6 to 11.87 kg (23.4 to 26.2 lb), with a weight range of 9.2–14.3 kg (20–32 lb), while the slightly smaller females (known as pens) averaged about 8.5 to 9.67 kg (18.7 to 21.3 lb), with a weight range of 7.6–10.6 kg (17–23 lb). While the top normal weight for a big cob is roughly 15 kg (33 lb), one unusually big Polish cob weighed almost 23 kg (51 lb), and this counts as the largest weight ever verified for a flying bird, although it has been questioned whether this heavyweight could still take flight. Mute swans can achieve speeds in flight of up to 88.5 km/h (55 mph), and during takeoff they achieve speeds of around 48 km/h (30 mph) when running to gain lift.</p><p>Young birds, called cygnets, are not the bright white of mature adults, and their bill is dull greyish-black, not orange, for the first year. The down may range from pure white to grey to buff, with grey/buff the most common. The white cygnets have a leucistic gene. Cygnets grow quickly, reaching a size close to their adult size in approximately three months after hatching. Cygnets typically retain their grey feathers until they are at least one year old, with the down on their wings having been replaced by flight feathers earlier that year.</p><p>All mute swans are white at maturity, though the feathers (particularly on the head and neck) are often stained orange-brown by iron and tannins in the water.</p>",
        "ro": "<p>Lebăda de vară  sau lebăda cucuiată (Cygnus olor) este o pasăre migratoare sau sedentară din ordinul anzeriformelor (Anseriformes), familia anatidelor (Anatidae) cu o talie foarte mare (lungime 125–160 cm, greutate 6,6–15,0 kg) răspândita în mlaștini, bălți, lacuri cu vegetație bogată (stuf, papură etc.) din nordul și centrul Eurasiei, Turcia, Balcani și din America de Nord. Se recunoaște după culoarea albă, gâtul unduit în S când lebăda înoată, ciocul roșu-portocaliu cu un cucui negru pe frunte (la baza ciocului), picioarele negre și obiceiul de a-și arcui aripile deasupra spinării (mai ales masculul). Nu cântă, însă în zbor aripile produc un vâjâit muzical care se aude de departe. Se hrănește cu plante, rădăcini, semințe de ierburi, viermi, insecte, moluște, uneori și pești mici. În România este prezentă în sezonul cald în Delta Dunării, complexul lagunar Razim-Sinoie și unele bălți mari din ținuturile joase; iarna migrează spre sudul Mării Caspice, Delta Nilului și estul Mării Negre ori în preajma bălților neînghețate din interiorul României, unde iernează și unele populații nordice. În Republica Moldova cuibărește într-un număr mic în bălțile din sudul republicii și în unele lacuri din zona centrală.</p>"
      },
      "habitat": {
        "en": "freshwater",
        "ro": "lacuri, zone de coastă, stufărișuri"
      },
      "rarity": "common",
      "monthlyRarity": {
        "1": "A",
        "2": "A",
        "3": "A",
        "4": "A",
        "5": "A",
        "6": "A",
        "7": "A",
        "8": "A",
        "9": "A",
        "10": "A",
        "11": "A",
        "12": "A"
      },
      "status": "AY",
      "statusDetails": "Resident, very common",
      "conservationStatus": "",
      "wikipediaUrl": "https://en.wikipedia.org/wiki/Mute_swan",
      "wikipediaUrlRo": "https://ro.wikipedia.org/wiki/Leb%C4%83d%C4%83_de_var%C4%83",
      "image": "cygnus_olor_00.jpg",
      "thumbnail": "cygnus_olor_00_thumb.jpg",
      "imageCredit": {
        "filename": "cygnus_olor_00.jpg",
        "author": "Charles J. Sharp",
        "license": "CC BY-SA 4.0",
        "sourceUrl": "https://commons.wikimedia.org/wiki/File:Mute_swans_(Cygnus_olor)_and_cygnets.jpg",
        "attribution": "Photo by Charles J. Sharp / Wikimedia Commons / CC BY-SA 4.0"
      }
    },
    {
      "id": "10",
      "scientific": "Egretta garzetta",
      "name": {
        "en": "Little Egret",
        "ro": "Egretă mică"
      },
      "description": {
        "en": "<p>The adult little egret is 55–65 cm (22–26 in) long with an 88–106 cm (35–42 in) wingspan, and weighs 350–550 g (12–19 oz). Its plumage is normally entirely white, although there are dark forms with largely bluish-grey plumage. In the breeding season, the adult has two long plumes on the nape that form a crest. These plumes are about 150 mm (6 in) and are pointed and very narrow. There are similar feathers on the breast, but the barbs are more widely spread. There are also several elongated scapular feathers that have long loose barbs and may be 200 mm (8 in) long. During the winter the plumage is similar but the scapulars are shorter and more normal in appearance. The bill is long and slender and it and the lores are black. There is an area of greenish-grey bare skin at the base of the lower mandible and around the eye which has a yellow iris. The legs are black and the feet yellow. Juveniles are similar to non-breeding adults but have greenish-black legs and duller yellow feet, and may have a certain proportion of greyish or brownish feathers. The subspecies nigripes differs in having yellow skin between the bill and eye, and blackish feet. During the height of courtship, the lores turn red and the feet of the yellow-footed races turn red.</p><p>Little egrets are mostly silent but make various croaking and bubbling calls at their breeding colonies and produce a harsh alarm call when disturbed. To the human ear, the sounds are indistinguishable from the black-crowned night heron (Nycticorax nycticorax) and the western cattle egret (Ardea ibis) with which it sometimes associates.</p>",
        "ro": "<p>Egretta garzetta (sinonim: Ardea garzetta), cunoscută și ca egreta mică, bâtlan mic, ceapur alb mic (reg.), stârc alb mic, este o pasăre de baltă care face parte din genul Egretta, familia Ardeidae, ordinul Ciconiiformes.</p>"
      },
      "habitat": {
        "en": "coastal areas, reedbeds",
        "ro": "mlaștini"
      },
      "rarity": "common",
      "monthlyRarity": {
        "1": "",
        "2": "",
        "3": "",
        "4": "M",
        "5": "M",
        "6": "M",
        "7": "M",
        "8": "M",
        "9": "M",
        "10": "R",
        "11": "",
        "12": ""
      },
      "status": "SB",
      "statusDetails": "Moderate population breeding",
      "conservationStatus": "",
      "wikipediaUrl": "https://en.wikipedia.org/wiki/Little_egret",
      "wikipediaUrlRo": "https://ro.wikipedia.org/wiki/Egret%C4%83_mic%C4%83",
      "image": "egretta_garzetta_00.jpg",
      "thumbnail": "egretta_garzetta_00_thumb.jpg",
      "imageCredit": {
        "filename": "egretta_garzetta_00.jpg",
        "author": "Francis C. Franklin",
        "license": "CC BY-SA 3.0",
        "sourceUrl": "https://commons.wikimedia.org/wiki/File:Egretta_gularis_oman.jpg",
        "attribution": "Photo by Francis C. Franklin / Wikimedia Commons / CC BY-SA 3.0"
      }
    },
    {
      "id": "11",
      "scientific": "Fulica atra",
      "name": {
        "en": "Common Coot",
        "ro": "Lișiță"
      },
      "description": {
        "en": "<p>The Eurasian coot is 36–38 cm (14–15 in) in length with a wing-span of 70–80 cm (28–31 in); males weigh around 890 g (31 oz) and females 750 g (26 oz). It is largely black except for the white bill and frontal shield (which gives rise to the phrase \"as bald as a coot\", in use as early as 1430). As a swimming species, the coot has partial webbing on its long, strong toes. The sexes are similar in appearance.</p><p>The juvenile is paler than the adult, has a whitish breast, and lacks the facial shield; the adult black plumage develops when about 3–4 months old, but the white shield is only fully developed at about one year old.</p><p>The Eurasian coot is a noisy bird with a wide repertoire of crackling, explosive, or trumpeting calls, often given at night.</p>",
        "ro": "<p>Lișița (Fulica atra) este o pasăre acvatică migratoare din familia ralide care se cuibărește în regiunile temperate și calde din Europa, Asia, Africa de Nord, India, Australia, Noua Zeelandă, Noua Guinee. Este comună pe lângă lacurile și iazurile de la altitudini joase, cu vegetație abundentă. În România și Republica Moldova este prezentă aproape în toate bălțile cu stuf și papură. Toamna migrează pentru iernare în vestul Europei și în ținuturile din jurul Mării Mediterane; populațiile din sud-estul arealului de cuibărit iernează în sudul și estul Asiei. Migrează în timpul nopții, pleacă spre zonele de iernat prin septembrie, iar călătoria de întoarcere începe prin luna februarie. Este de mărimea unei rațe.  Lungimea corpului este de 36-43 cm, anvergura aripilor de 65-75 cm, iar greutatea medie de 800 g. Longevitatea maximă cunoscută este de 20 ani. Are penajul de culoare cenușie-neagră, fruntea și ciocul albe, capul și gâtul negre. Picioarele sunt verzi, cu nuanțe portocalii în partea de sus; degetele și palmatura acestora cenușii. Degetele picioarelor nu au membrane interdigitale, însă sunt înzestrate cu lobi laterali, adaptate la deplasarea pe substrat moale. Sexele nu se pot diferenția (nu prezintă dimorfism sexual), însă femelele au o greutatea mai mică. Se hrănește în principal cu vegetale acvatice: frunze, muguri, vârfuri proaspete de ierburi, semințe de buruieni acvatice, mai rar cu insecte acvatice și larvele lor, moluște, peștișori, mormoloci. Înoată foarte bine și se cufundă frecvent în apă după hrană. Deși se înalță greu de pe apă, bătând pe distanțe mari apa cu picioarele, după ce ajunge în aer poate parcurge, cu ușurință, distanțe foarte mari. Un exemplar de lișiță a parcurs în timpul migrației 730 km în 48 ore. Când înoată are aceleași mișcări de ridicare ritmică a capului ca și la găinușa de baltă. Nu ține coada în sus, iar pe uscat umblă puțin gheboasă. Este o specie monogamă și extrem de teritoriala în sezonul de împerechere, fiind agresivă fața de exemplarele din propria specie sau din alte specii. Păsările care își dispută teritoriul se amenință reciproc, cu pieptul adâncit în apă și se reped una spre cealaltă cu picioarele, bătând din aripi. Cuibul și-l face în general între trestii, papură și alte plante; uneori pe suprafața apei, în crengile care atârnă sau care sunt culcate pe apă. Cuibul format din tulpini uscate și frunze de stuf, rogoz are forma unei ulcele cuprinzătoare și este construit de femelă cu materialul adus de mascul. În apropierea cuibului mai construiește un cuib suplimentar care-i servește pentru odihnă. Ponta are loc de la mijlocul lui martie. Ouăle, în număr de 8-10, depuse zilnic, sunt netede, cu un luciu slab, izabel deschis, cu pete și puncte maro-închis și negre, ele au o dimensiune medie de 53×36 mm. Adeseori au câte doua sau trei ponte pe an. Incubația ouălor durează 21-24 de zile. Clocitul începe după depunerea a 1-2 ouă și este asigurat, pe rând, de ambele sexe. Puii sunt nidifugi, fiind acoperiți cu puf cenușiu pe spate și negru pe cap la eclozare; ei au creasta golașă, roșcată, ciocul roșcat cu vârful alb, picioarele gri-negricioase. Ambii părinți îngrijesc puii; în primele 3-4 zile ei sunt acoperiți de femelă și hrăniți de mascul. La o lună puii își caută singuri hrana; la 8 săptămâni devin total independenți. Este o specie de vânat. Vânarea în România este permisă în perioada 1 septembrie - 28(29) februarie. Specia Fulica atra include 4 subspecii: atra, lugubris, novaeguineae și australis. În România și Republica Moldova cuibărește subspecia Fulica atra atra. Populația cuibăritoare din România este estimată pe timpul verii la 67.000-79.000 de perechi de lișițe, iar în iernile blânde în timpul pasajului la 80.000-140.000 de perechi, care sosesc din nordul Europei și se concentrează pe litoralul românesc, în bălțile neînghețate.</p>"
      },
      "habitat": {
        "en": "wetlands",
        "ro": "lacuri, stufărișuri, mlaștini"
      },
      "rarity": "common",
      "monthlyRarity": {
        "1": "A",
        "2": "A",
        "3": "A",
        "4": "A",
        "5": "A",
        "6": "A",
        "7": "A",
        "8": "A",
        "9": "A",
        "10": "A",
        "11": "A",
        "12": "A"
      },
      "status": "AY",
      "statusDetails": "Very common all year",
      "conservationStatus": "",
      "wikipediaUrl": "https://en.wikipedia.org/wiki/Eurasian_coot",
      "wikipediaUrlRo": "https://ro.wikipedia.org/wiki/Li%C8%99i%C8%9B%C4%83",
      "image": "fulica_atra_00.jpg",
      "thumbnail": "fulica_atra_00_thumb.jpg",
      "imageCredit": {
        "filename": "fulica_atra_00.jpg",
        "author": "Charles J. Sharp",
        "license": "CC BY-SA 4.0",
        "sourceUrl": "https://commons.wikimedia.org/wiki/File:Eurasian_coot_(Fulica_atra)_reflections.jpg",
        "attribution": "Photo by Charles J. Sharp / Wikimedia Commons / CC BY-SA 4.0"
      }
    },
    {
      "id": "12",
      "scientific": "Haliaeetus albicilla",
      "name": {
        "en": "White-tailed Eagle",
        "ro": "Codalb"
      },
      "description": {
        "en": "<p>The white-tailed eagle is one of the largest living birds of prey. It is the largest of the dozen species of eagle found in Europe and the largest eagle across its distribution, excluding the Russian Far East and (during the winter) Hokkaido, Japan, where it co-exists with its larger cousin, Steller's sea eagle. The white-tailed eagle is sometimes considered the fourth largest eagle in the world and is, on average, the fourth heaviest eagle in the world. The only extant eagle species known to be more massive in mean bulk are the Steller's sea eagle (Haliaeetus pelagicus), the harpy eagle (Harpia harpyja) and the Philippine eagle (Pithecophaga jefferyi). The white-tailed eagle measures anywhere from 66 to 94 cm (26 to 37 in) in total length with a typical wingspan of 1.78 to 2.45 m (5 ft 10 in to 8 ft 0 in). This species may have the largest wingspan of any living eagle. The Steller's sea eagle, which is larger in weight, total length and non-wing standard measurements, may be the closest rival for median wingspan amongst living eagles. The white-tailed eagle does appear to outsize the average wingspan of the wedge-tailed eagle (Aquila audax), which is sometimes also titled the largest winged extant eagle due to an exceptionally large individual shot in 1931, although the Steller's sea eagle may rival it in that respect.</p><p>In one sample from Norway, five male white-tailed eagles were found to average 2.26 m (7 ft 5 in) and eight females were found to average 2.37 m (7 ft 9 in). In another sample of wild birds of unspecified origin, five males were found to average 2.1 m (6 ft 11 in) and seven females averaged 2.3 m (7 ft 7 in). Record wingspans have included a specimen from Greenland which measured 2.53 m (8 ft 4 in) while another specimen apparently spanned 2.6 m (8 ft 6 in). The bald eagle broadly overlaps in size with the white-tailed eagle. In direct comparison, the white-tailed eagle averages somewhat larger in body mass than the bald eagle and may be marginally larger in bill and talon size, although these linear aspects can be quite similar between the two species. The white-tailed eagle does have a significantly larger wing chord and average wingspan than the bald eagle, but the latter usually possesses a longer tail, resulting in a larger total length than the white-tailed eagle and a larger mean tarsal length.</p><p>Size variation is generally a clinal trend and is normally quantified using standard measurements such as wing, tail and tarsal length, or body mass, rather than wingspan or total length. As expected for many widely distributed animals of varied lineages, the white-tailed eagle conforms to Bergmann's rule in that more northerly birds tend to outsize those found relatively closer to the Equator. Average size also decreases from west to east across its distribution. The largest white-tailed eagles appear to be found in Greenland, these being slightly larger than those from Ireland, Scotland and Scandinavia and notably larger than eagles from central Europe, especially in proportions of the wing area. Those from the southerly portions of the breeding range, such as Asia Minor (principally Turkey), southern Kazakhstan, and Korea Bay, appear to be the smallest-bodied population but there have been limited measurements and published weights known for these extremely sporadic and rare Asian populations of eagle. Furthermore, weights of fully grown eagles from Greenland are not known. Unlike many accipitrids, juvenile white-tailed eagles (and seemingly other sea eagles as well) are often of similar weight to the adults, although the juveniles typically have a somewhat larger average wing and tail length than the adults. In the white-tailed eagle, body mass can typically range from 4 to 6.9 kg (8.8 to 15.2 lb) in females. The slightly smaller male may typically weigh from 3.1 to 5.4 kg (6.8 to 11.9 lb).</p><p>Average weights in European white-tailed eagles can range from 4.02 kg (8.9 lb) in five males and 5.11 kg (11.3 lb) in nine females to (from the reintroduced birds of Scotland of Norwegian stock) 4.98 kg (11.0 lb) in 39 males and 6.06 kg (13.4 lb) in 43 females. In comparison, the weight ranges for white-tailed eagles from Northeast China were claimed to be only 2.8 to 3.78 kg (6.2 to 8.3 lb) in males and 3.75 to 4.6 kg (8.3 to 10.1 lb) in females. The heaviest female white-tailed eagles can apparently weigh as much as 7.5 to 8 kg (17 to 18 lb) and even males can sometimes weigh up to 6.5 kg (14 lb), which would make the largest males perhaps the heaviest recorded modern male eagle, as male harpy and Philippine eagles (being more sexually dimorphic in favour of the female) are not known to exceed 5 kg (11 lb) (the highest weights for male Steller's sea eagle are not known). The global mean body mass of white-tailed eagles is estimated at approximately 5 kg (11 lb). The average female Steller's sea eagle may weigh just under 25% more than the average female white-tailed eagle (the average weight of male Steller's is not known) while the average European golden eagle may weigh about 11–12% less than the average European white-tailed eagle and the bald eagle species as a whole about 10% less than the white-tailed eagle species.</p>",
        "ro": "<p>Codalbul este corpolent și cu o talie mare, are o silueta masivă caracterizată prin o anvergură mare și o coadă scurtă cuneiformă. Codalbul are o talie mare, 70–90 cm lungime, cu o anvergură a aripilor de 190-240 cm. Femelele, cu o greutate de 4-6,9 kg, sunt mai mari decât masculii, care cântăresc 3-5,4 kg.</p><p>Penajul este de culoare brun închis (cafeniu), cu excepția capului și bazei gâtului care sunt mai deschise. Păsările bătrâne au capul și gâtul alb. Adulții au o coadă albă. Aripile sunt mari în formă de „ușă de hambar”. Capul este mare și ciocul foarte masiv. Ciocul este brun-negricios la tineri, galben la adulți; puternic, lung, drept, încovoiat brusc spre vârf. Picioarele sunt galbene, la fel ca și degetele cu unghii negre, mult curbate. Jumătate din lungimea picioarelor sunt acoperite cu pene.</p><p>Puii au o culoare mai închisă (smântâniu până la maro-cenușiu), ajungând treptat la penajul adult în 5-6 ani. Ei au coada și ciocul întunecate, iar coada are o bandă terminală închisă la păsările subadulte înainte a se înălbi.</p>"
      },
      "habitat": {
        "en": "coastal areas, reedbeds",
        "ro": "zone de coastă"
      },
      "rarity": "common",
      "monthlyRarity": {
        "1": "A",
        "2": "A",
        "3": "A",
        "4": "A",
        "5": "A",
        "6": "A",
        "7": "A",
        "8": "A",
        "9": "A",
        "10": "A",
        "11": "A",
        "12": "A"
      },
      "status": "AY",
      "statusDetails": "Resident",
      "conservationStatus": "",
      "wikipediaUrl": "https://en.wikipedia.org/wiki/White-tailed_eagle",
      "wikipediaUrlRo": "https://ro.wikipedia.org/wiki/Codalb",
      "image": "haliaeetus_albicilla_00.jpg",
      "thumbnail": "haliaeetus_albicilla_00_thumb.jpg",
      "imageCredit": {
        "filename": "haliaeetus_albicilla_00.jpg",
        "author": "Yathin S Krishnappa",
        "license": "CC BY-SA 3.0",
        "sourceUrl": "https://commons.wikimedia.org/wiki/File:Haliaeetus_albicilla_(Svolv%C3%A6r,_2012).jpg",
        "attribution": "Photo by Yathin S Krishnappa / Wikimedia Commons / CC BY-SA 3.0"
      }
    },
    {
      "id": "13",
      "scientific": "Microcarbo pygmeus",
      "name": {
        "en": "Pygmy Cormorant",
        "ro": "Cormoran mic"
      },
      "description": {
        "en": "<p>The pygmy cormorant (Microcarbo pygmaeus) is a member of the Phalacrocoracidae (cormorant) family of seabirds. It breeds in south-eastern Europe and south-western Asia. It is partially migratory, with northern populations wintering further south, mostly within its breeding range. It is a rare migrant to western Europe.</p>",
        "ro": "<p>Cormoranul mic (Microcarbo pygmeus) este o pasăre acvatică, parțial migratoare ce aparține familiei Phalacrocoracidae , are o talie scundă (45–55 cm) și prezintă o anvergură a aripilor de 75–90 cm. În perioada de împerechere, adulții au capul și gâtul de culoare brun-închis, iar corpul prezentă un luciu verde metalic cu pete mici, albe (prezente la ambele sexe). În restul sezonului, petele albe dispar iar pieptul devine roșu închis-brun. Are capul mic cu ochi rotunzi de culoare maro închis. Pe frunte prezintă o creastă și o dipsersie de pene albe filoplume care coboară pe gât, spate, coadă și părțile inferioare. Ciocul cormoranului mic adult este scurt, de culoare neagră, gâtul este subțire, prevăzut cu un sac gular. Juvenilii au cioc de culoare gălbuie, pe spate penajul lor este maro închis iar abdomenul și bărbia au o tentă albicioasă. Cormoranii nu prezintă glande uropigiene (glande care se găsesc la majoritatea păsărilor acvatice în zona cozii și au rolul de a secreta o substanță uleioasă care are rolul de a împiedica îmbibarea penelor cu apă), din acest motiv după fiecare plonjare în apă sunt nevoiți să-și întindă aripile pentru a le usca. Petrece mult timp scufundat în apă în vederea căutării hranei, uneori mai mult de un minut, după care se refugiază pe diferite suporturi (crengi), cu aripile largi deschise pentru a-și usca penajul.</p>"
      },
      "habitat": {
        "en": "coastal areas, reedbeds",
        "ro": "lacuri"
      },
      "rarity": "common",
      "monthlyRarity": {
        "1": "M",
        "2": "M",
        "3": "M",
        "4": "M",
        "5": "M",
        "6": "M",
        "7": "M",
        "8": "M",
        "9": "M",
        "10": "M",
        "11": "M",
        "12": "M"
      },
      "status": "AY",
      "statusDetails": "Breeding, moderate population",
      "conservationStatus": "",
      "wikipediaUrl": "https://en.wikipedia.org/wiki/Pygmy_cormorant",
      "wikipediaUrlRo": "https://ro.wikipedia.org/wiki/Cormoran_mic",
      "image": "microcarbo_pygmeus_00.jpg",
      "thumbnail": "microcarbo_pygmeus_00_thumb.jpg",
      "imageCredit": {
        "filename": "microcarbo_pygmeus_00.jpg",
        "author": "Serhio Magpie",
        "license": "CC BY 4.0",
        "sourceUrl": "https://commons.wikimedia.org/wiki/File:Pygmy_cormorant.jpg",
        "attribution": "Photo by Serhio Magpie / Wikimedia Commons / CC BY 4.0"
      }
    },
    {
      "id": "14",
      "scientific": "Panurus biarmicus",
      "name": {
        "en": "Bearded Reedling",
        "ro": "Pițigoi de stuf"
      },
      "description": {
        "en": "<p>The bearded reedling (Panurus biarmicus) is a small, long-tailed passerine bird found in reed beds near water in the temperate zone of Eurasia. It is frequently known as the bearded tit or bearded parrotbill, as it historically was believed to be closely related to tits or parrotbills. Today it is known to lack close relatives and it is the only species in the family Panuridae.\nBearded reedlings are strongly sexually dimorphic and form life-long pairs. They are highly productive and can breed several times in a season. They mainly feed on small invertebrates in summer and plant seeds in winter.</p>",
        "ro": "<p>Coloritul spatelui este galben-lutos, capul albastru-cenușiu cu două mustăți negre la masculi, ce pornesc de la ochi și de la baza ciocului, însă care lipsesc la femele. Are coada foarte lungă, ciocul conic, cu vârful ascuțit, galben ca lămâia, iar picioarele negre. Talia este mică, cât vrabia, lungimea corpului este de 16-17,5 cm, iar greutatea de 15-21 g. Poate trăi până la 7 ani.</p>"
      },
      "habitat": {
        "en": "coastal areas, reedbeds",
        "ro": "zone umede"
      },
      "rarity": "common",
      "monthlyRarity": {
        "1": "M",
        "2": "M",
        "3": "M",
        "4": "M",
        "5": "M",
        "6": "M",
        "7": "M",
        "8": "M",
        "9": "M",
        "10": "M",
        "11": "M",
        "12": "M"
      },
      "status": "AY",
      "statusDetails": "Resident",
      "conservationStatus": "",
      "wikipediaUrl": "https://en.wikipedia.org/wiki/Bearded_reedling",
      "wikipediaUrlRo": "https://ro.wikipedia.org/wiki/Pi%C8%9Bigoi_de_stuf",
      "image": "panurus_biarmicus_00.jpg",
      "thumbnail": "panurus_biarmicus_00_thumb.jpg",
      "imageCredit": {
        "filename": "panurus_biarmicus_00.jpg",
        "author": "Roger Culos",
        "license": "CC BY-SA 4.0",
        "sourceUrl": "https://commons.wikimedia.org/wiki/File:Panurus_biarmicus_russicus_MHNT.ZOO.2010.11.180.9.jpg",
        "attribution": "Photo by Roger Culos / Wikimedia Commons / CC BY-SA 4.0"
      }
    },
    {
      "id": "15",
      "scientific": "Pelecanus crispus",
      "name": {
        "en": "Dalmatian Pelican",
        "ro": "Pelican creț"
      },
      "description": {
        "en": "<p>The Dalmatian pelican is the largest of all pelican species and one of the heaviest flying birds in the world, with a body length of 1.6–1.8 m (5 ft 3 in – 5 ft 11 in), a wingspan typically ranging between 2.7–3.2 m (8 ft 10 in – 10 ft 6 in)., and an average weight of about 11 kg (24 lb).</p><p>The species is most easily recognised by its enormous bill, which typically measures between 37 and 45 cm long and includes a large pouch used for catching fish. This makes it the bird species with the second longest bill, only surpassed by the Australian pelican (Pelecanus conspicillatus), whose bill length ranges from 34.6 to 50 cm. During the breeding season, this pouch becomes a vivid orange-red, contrasting with the more subdued yellow or grey tones observed during the rest of the year. The upper mandible remains greyish throughout, often with a slight orange tip.</p><p>The Dalmatian pelican has silvery-white plumage, which may appear more grey or creamy, especially in winter. A distinguishing feature is the presence of a shaggy crest of curly feathers on the nape and back of the head, giving the bird a notably unkempt appearance compared to the smooth-headed great white pelican (Pelecanus onocrotalus). The legs are dark grey, another feature that helps separate it from related species with pinkish legs.</p><p>While generally a quiet species, the Dalmatian pelican may produce deep, guttural grunts, hisses, or barking sounds during the breeding season. Juveniles are overall greyer and duller in appearance, with less distinctive crests and darker plumage, but gradually acquire the characteristic silvery-white plumage as they mature.</p>",
        "ro": ""
      },
      "habitat": {
        "en": "coastal areas, reedbeds",
        "ro": "zone umede"
      },
      "rarity": "rare",
      "monthlyRarity": {
        "1": "R",
        "2": "R",
        "3": "R",
        "4": "M",
        "5": "M",
        "6": "M",
        "7": "M",
        "8": "M",
        "9": "M",
        "10": "M",
        "11": "R",
        "12": "R"
      },
      "status": "SB, AY",
      "statusDetails": "Common in the Delta, partially migrant (aprox 400 nesting pairs)",
      "conservationStatus": "",
      "wikipediaUrl": "https://en.wikipedia.org/wiki/Dalmatian_pelican",
      "wikipediaUrlRo": "https://ro.wikipedia.org/wiki/Pelican_cre%C8%9B",
      "image": "pelecanus_crispus_00.jpg",
      "thumbnail": "pelecanus_crispus_00_thumb.jpg",
      "imageCredit": {
        "filename": "pelecanus_crispus_00.jpg",
        "author": "Thomas Bresson",
        "license": "CC BY 2.0",
        "sourceUrl": "https://commons.wikimedia.org/wiki/File:ComputerHotline_-_Pelecanus_crispus_(by)_(1).jpg",
        "attribution": "Photo by Thomas Bresson / Wikimedia Commons / CC BY 2.0"
      }
    },
    {
      "id": "16",
      "scientific": "Pelecanus onocrotalus",
      "name": {
        "en": "White Pelican",
        "ro": "Pelican comun"
      },
      "description": {
        "en": "<p>The great white pelican is a huge bird—only the Dalmatian pelican is, on average, larger among pelicans. It measures 140 to 180 cm (55 to 71 in) in length with a 28.9 to 47.1 cm (11.4 to 18.5 in) enormous pink and yellow bill, and a dull pale-yellow gular pouch. The wingspan measures 226 to 360 cm (7 ft 5 in to 11 ft 10 in), the latter measurement being the highest among extant flying animals outside of the great albatross. The adult male measures about 175 cm (69 in) in length; it weighs from 9 to 15 kg (20 to 33 lb) and larger races from the Palaearctic are usually around 11 kg (24 lb), with few exceeding 13 kg (29 lb). It has a bill measuring 34.7 to 47.1 cm (13.7 to 18.5 in). The female measures about 148 cm (58 in) in length, and is considerably less bulky, weighing 5.4 to 9 kg (12 to 20 lb), and has a bill that measures 28.9 to 40.0 cm (11.4 to 15.7 in) in length. In Lake Edward, Uganda, the average weight of 52 males was found to be 11.45 kg (25.2 lb) and in 22 females it was 7.59 kg (16.7 lb). In South Africa, the average weight of males was 9.6 kg (21 lb) and of females was 6.9 kg (15 lb). Thus the sexual dimorphism is especially pronounced in this species (perhaps the greatest known in any extant pelican), as at times the male can average more than 30% more massive than the female. The great white pelican rivals the kori bustard, which has even more pronounced sexual dimorphism, as the heaviest flying bird to reside in Africa (both averaging perhaps slightly heavier than the cape vulture and the wattled crane). There are a small few slightly heavier flying birds in the Eurasian portions of the range. Among standard measurements, the wing chord is 60 to 73 cm (24 to 29 in), the tail 16 to 21 cm (6.3 to 8.3 in), and the tarsus 13 to 14.9 cm (5.1 to 5.9 in) long. Standard measurements from different areas indicate that pelicans from the Western Palaearctic are somewhat larger than those from Asia and Africa.</p><p>The male has a downward bend in the neck and the female has a shorter, straighter beak. The plumage is predominantly white except on remiges, with a faint pink tinge on the neck and a yellowish base on the foreneck. The primary feathers are black, with white shafts at the bases, occasionally with paler tips and narrow fringes. The secondary feathers are also black, but with a whitish fringe. The upperwing coverts, underwing coverts, and tertials are white. The forehead is swollen and pinkish skin surrounds the bare, dark eyes having brown-red to dark brown irides. It has fleshy-yellow legs and pointed forehead-feathers where meeting the culmen. In breeding season, the male has pinkish skin while the female has orangey skin on its face. The bill is mostly bluish grey, with a red tip, reddish maxilla edges, and a cream-yellow to yolk-yellow gular pouch. The white plumage becomes tinged-pink with a yellow patch on the breast, and the body is tinged yellowish-rosy. It also has a short, shaggy crest on the nape. The white covert feathers contrast with the solid black primary and secondary feathers. The legs are yellow-flesh to pinkish orange. Both male and female are similar, but the female is smaller and has brighter orange facial skin in the breeding season.</p><p>The juvenile has darker, brownish underparts that are palest at the rump, center of the belly, and uppertail coverts. The underwing coverts are mostly dull-white, but the greater coverts are dark and there is a dark brownish bar over the lesser coverts. The rear tertials upperwing coverts mostly have paler tips with a silvery-grey tinge on the greater secondary coverts and tertials. It has dark flight feathers, and brown-edged wings. The head, neck, and upperparts, including the upperwing coverts, are mostly brown—this is the darkest part of the neck. The facial skin and the bill, including its gular pouch, are greyish to dusky greyish. The forehead, rump, and abdomen are white, and its legs and feet are grey. Its blackish tail occasionally has a silvery-grey tinge. Its underparts and back are initially browner and darker than those of the Dalmatian pelican, and the underwing is strongly patterned, similar to the juvenile brown pelican.</p><p>The great white pelican is distinguished from all other pelicans by its plumage. Its face is naked and the feathering on its forehead tapers to a fine point, whereas other species are completely feathered. In flight, the white underwing with black remiges of the adult are similar only to those of the American white pelican (P. erythrorhynchos), but the latter has white inner secondary feathers. It differs from the Dalmatian pelican in its pure white – rather than greyish-white – plumage, a bare pink facial patch around the eye, and pinkish legs. The spot-billed pelican (P. philippensis) of Asia is slightly smaller than the great white pelican, with greyish tinged white plumage, and a paler, duller-colored bill. Similarly, the pink-backed pelican (P. rufescens) is smaller, with brownish-grey plumage, a light pink to off-grey bill, and a pinkish wash on the back.</p>",
        "ro": "<p>Pelicanul comun (Pelecanus onocrotalus) este o pasăre mare, migratoare, ihtiofagă, cu penaj alb, marginea aripilor neagră și cu un cioc lung și încovoiat la vârf și un sac (pungă) de piele galbenă și elastică sub maxilarul inferior în care adună peștii cu care se hrănește; este bun înotător și zboară cu ușurință pe distanțe lungi; trăiește în colonii în stufăriș din sud-estul Europei (majoritatea în Delta Dunării) până în estul Mongoliei și Africa. Este o specie rară,  ocrotită la nivel internațional, fiind inclusă în Cartea Roșie și o specie-simbol pentru Delta Dunării.</p>"
      },
      "habitat": {
        "en": "lakes, coastal areas, reedbeds",
        "ro": "zone de coastă, stufărișuri"
      },
      "rarity": "rare",
      "monthlyRarity": {
        "1": "",
        "2": "",
        "3": "",
        "4": "M",
        "5": "M",
        "6": "M",
        "7": "M",
        "8": "M",
        "9": "M",
        "10": "M",
        "11": "",
        "12": ""
      },
      "status": "SB",
      "statusDetails": "Common in the Delta (aprox 5500 nesting pairs)",
      "conservationStatus": "",
      "wikipediaUrl": "https://en.wikipedia.org/wiki/Great_white_pelican",
      "wikipediaUrlRo": "https://ro.wikipedia.org/wiki/Pelican_comun",
      "image": "pelecanus_onocrotalus_00.jpg",
      "thumbnail": "pelecanus_onocrotalus_00_thumb.jpg",
      "imageCredit": {
        "filename": "pelecanus_onocrotalus_00.jpg",
        "author": "H. Zell",
        "license": "CC BY-SA 3.0",
        "sourceUrl": "https://commons.wikimedia.org/wiki/File:Pelecanus_onocrotalus_-_Zoo_Karlsruhe.jpg",
        "attribution": "Photo by H. Zell / Wikimedia Commons / CC BY-SA 3.0"
      }
    },
    {
      "id": "17",
      "scientific": "Phalacrocorax carbo",
      "name": {
        "en": "Great Cormorant",
        "ro": "Cormoran mare"
      },
      "description": {
        "en": "<p>The great cormorant is a large bird, but there is a wide variation in size in the species' wide range. Weight is reported to vary from 1.5 kg (3 lb 5 oz) to 5.3 kg (11 lb 11 oz). Males are typically larger and heavier than females, with the nominate race P. c. carbo averaging about 10% larger in linear measurements than the smaller subspecies P. c. sinensis. Length can vary from 70 to 102 cm (27+12 to 40 in) and wingspan from 121 to 160 cm (47+12 to 63 in). They are tied as the second largest extant species of cormorant after the flightless cormorant, with the Japanese cormorant averaging at a similar size. In bulk if not in linear dimensions, the blue-eyed shag species complex of the Southern Oceans is only marginally smaller on average.</p><p>The plumage is largely black, but with bronze to greenish iridescence on the wings and tail, and purple iridescence on the body. The eyes are a striking deep sea-green in adults, duller dark grey in juveniles. The tail is fairly long, with 14 feathers. The bill is stout, and strongly hooked at the tip, dark grey at the tip, grading to paler at the base; it also has a yellow, or sometimes red, patch of bare gular skin on the throat at the base of the bill. The legs are short but stout, and dark grey; the feet large, and fully webbed between all four toes (totipalmate). In the breeding season, adults have white filoplume patches on the thighs and on the head and upper neck. The two African subspecies P. c. maroccanus and P. c. lucidus also have more extensive white plumage on the foreneck and breast. In winter, the plumage is more uniformly black, slightly duller and less glossy, and the white filoplumes are shed. Juveniles and immatures have pale to whitish underparts, becoming browner in their second year and reaching adult plumage when 3–4 years old. Great cormorants are mostly silent, but they make various guttural noises at their breeding colonies.</p><p>In European waters the great cormorant can be distinguished from the European shag by its larger size, heavier build, thicker bill, lack of a crest and body plumage with a purple, not green, tinge. In eastern North America, it is similarly larger and bulkier than the double-crested cormorant; the latter species also has more yellow on the throat and bill and lacks the white thigh patches seen on breeding plumage adult great cormorants. Both European shag and double-crested cormorant also differ in having 12, not 14, tail feathers. Identification between the great cormorant subspecies is difficult, and complicated by hybridisation between the subspecies; the most useful character is the shape of the gular skin patch, which forms an acute angle in nominate P. c. carbo, and an obtuse angle in P. c. sinensis; similar variation is used to distinguish P. c. hanedae and P. capillatus in eastern Asia. Differentiation between the two white-breasted African subspecies remains complex and uncertain.</p><p>The white filoplumes on the head in the breeding season vary with both the age of the bird, and the subspecies; older birds have more white filoplumes than younger birds, while nominate P. c. carbo tends to have fewer than P. c. sinensis, but there is much overlap. The extent of variation between individuals means it is not a very useful character for subspecies identification.</p>",
        "ro": "<p>Cormoranul mare (Phalacrocorax carbo) este o specie de pasăre suliformă din familia Phalacrocoracidae cu o distribuție aproape mondială. Locuiește în Eurasia, Africa, Australasia și coastele atlantice ale Americii de Nord, unde trăiește în orice corp mare de apă, cum ar fi lacuri, râuri, estuare și ape de coastă, inclusiv rezervoare.</p>"
      },
      "habitat": {
        "en": "coastal areas, reedbeds",
        "ro": "lacuri, râuri, delte și estuare"
      },
      "rarity": "common",
      "monthlyRarity": {
        "1": "A",
        "2": "A",
        "3": "A",
        "4": "A",
        "5": "A",
        "6": "A",
        "7": "A",
        "8": "A",
        "9": "A",
        "10": "A",
        "11": "A",
        "12": "A"
      },
      "status": "AY",
      "statusDetails": "Common",
      "conservationStatus": "",
      "wikipediaUrl": "https://en.wikipedia.org/wiki/Great_cormorant",
      "wikipediaUrlRo": "https://ro.wikipedia.org/wiki/Cormoran_mare",
      "image": "phalacrocorax_carbo_00.jpg",
      "thumbnail": "phalacrocorax_carbo_00_thumb.jpg",
      "imageCredit": {
        "filename": "phalacrocorax_carbo_00.jpg",
        "author": "Christian Ferrer",
        "license": "CC BY-SA 4.0",
        "sourceUrl": "https://commons.wikimedia.org/wiki/File:Phalacrocorax_carbo,_H%C3%A9rault_River_cf01.jpg",
        "attribution": "Photo by Christian Ferrer / Wikimedia Commons / CC BY-SA 4.0"
      }
    },
    {
      "id": "18",
      "scientific": "Platalea leucorodia",
      "name": {
        "en": "Eurasian Spoonbill",
        "ro": "Lopătar alb"
      },
      "description": {
        "en": "<p>This species is almost unmistakable in most of its range. The breeding bird is all white except for its dark legs, black bill with a yellow tip, and a yellow breast patch like a pelican. It has a crest in the breeding season. Non-breeders lack the crest and breast patch, and immature birds have a pale bill and black tips to the primary flight feathers. Unlike herons, spoonbills fly with their necks outstretched. The Eurasian spoonbill differs from the African spoonbill with which in overlaps in winter, in that the latter species has a red face and legs, and no crest.</p><p>They are mostly silent. Even at their breeding colonies the main sounds are bill snapping, occasional deep grunting and occasional trumpeting noises.</p>",
        "ro": "<p>Lopătarul alb (Platalea leucorodia) este o pasăre de baltă din familia treskiornitidelor (Threskiornithidae).</p>"
      },
      "habitat": {
        "en": "coastal areas, reedbeds",
        "ro": "mlaștini"
      },
      "rarity": "common",
      "monthlyRarity": {
        "1": "",
        "2": "",
        "3": "",
        "4": "R",
        "5": "R",
        "6": "R",
        "7": "R",
        "8": "R",
        "9": "R",
        "10": "V",
        "11": "",
        "12": ""
      },
      "status": "SB",
      "statusDetails": "Summer breeding",
      "conservationStatus": "",
      "wikipediaUrl": "https://en.wikipedia.org/wiki/Eurasian_spoonbill",
      "wikipediaUrlRo": "https://ro.wikipedia.org/wiki/Lop%C4%83tar_alb",
      "image": "platalea_leucorodia_00.jpg",
      "thumbnail": "platalea_leucorodia_00_thumb.jpg",
      "imageCredit": {
        "filename": "platalea_leucorodia_00.jpg",
        "author": "Andreas Trepte",
        "license": "CC BY-SA 2.5",
        "sourceUrl": "https://commons.wikimedia.org/wiki/File:Eurasian_Spoonbill.jpg",
        "attribution": "Photo by Andreas Trepte / Wikimedia Commons / CC BY-SA 2.5"
      }
    },
    {
      "id": "19",
      "scientific": "Plegadis falcinellus",
      "name": {
        "en": "Glossy Ibis",
        "ro": "Țigănuș"
      },
      "description": {
        "en": "<p>This species is a mid-sized ibis. It is 48–66 cm (19–26 in) long, averaging around 59.4 cm (23.4 in) with an 80–105 cm (31–41 in) wingspan. The culmen measures 9.7 to 14.4 cm (3.8 to 5.7 in) in length, each wing measures 24.8–30.6 cm (9.8–12.0 in), the tail is 9–11.2 cm (3.5–4.4 in) and the tarsus measures 6.8–11.3 cm (2.7–4.4 in). The body mass of this ibis can range from 485 to 970 g (1.069 to 2.138 lb). Breeding adults have reddish-brown bodies and shiny bottle-green wings. Non-breeders and juveniles have duller bodies. This species has a brownish bill, dark facial skin bordered above and below in blue-gray (non-breeding) to cobalt blue (breeding), and red-brown legs. Unlike herons, ibises fly with necks outstretched, their flight being graceful and often in V formation. It also has shiny feathers.</p><p>Sounds made by this rather quiet ibis include a variety of croaks and grunts, including a hoarse grrrr made when breeding.</p>",
        "ro": "<p>Țigănușul este o pasăre de 55-65 cm cu o anvergură a aripilor deschise de 88-105 cm, cu gâtul și picioarele lungi și subțiri. Coloritul penajului este de la negru la maro cu reflexii verzui mai ales la aripi. Pliscul este lung și curbat.</p>"
      },
      "habitat": {
        "en": "reedbeds",
        "ro": "zone umede"
      },
      "rarity": "common",
      "monthlyRarity": {
        "1": "",
        "2": "",
        "3": "",
        "4": "M",
        "5": "M",
        "6": "M",
        "7": "M",
        "8": "M",
        "9": "M",
        "10": "",
        "11": "",
        "12": ""
      },
      "status": "SB",
      "statusDetails": "Summer breeding",
      "conservationStatus": "",
      "wikipediaUrl": "https://en.wikipedia.org/wiki/Glossy_ibis",
      "wikipediaUrlRo": "https://ro.wikipedia.org/wiki/%C8%9Aig%C4%83nu%C8%99",
      "image": "plegadis_falcinellus_00.jpg",
      "thumbnail": "plegadis_falcinellus_00_thumb.jpg",
      "imageCredit": {
        "filename": "plegadis_falcinellus_00.jpg",
        "author": "Charles J. Sharp",
        "license": "CC BY-SA 4.0",
        "sourceUrl": "https://commons.wikimedia.org/wiki/File:Sacred_ibis_(Threskiornis_aethiopicus).jpg",
        "attribution": "Photo by Charles J. Sharp / Wikimedia Commons / CC BY-SA 4.0"
      }
    },
    {
      "id": "20",
      "scientific": "Podiceps cristatus",
      "name": {
        "en": "Great Crested Grebe",
        "ro": "Corcodel mare"
      },
      "description": {
        "en": "<p>The great crested grebe is the largest species of grebe in the Old World, though some larger species occur in the Americas. They measure 46–51 cm (18–20 in) long with a 59–73 cm (23–29 in) wingspan and weigh 0.9 to 1.5 kg (2.0 to 3.3 lb). It is an excellent swimmer and diver, and pursues its fish prey underwater. The adults are unmistakable in summer with head and neck decorations. In winter, this is whiter than most grebes, with white above the eye, and a pink bill. Birds resident in warmer tropical and subtropical regions (particularly in subspecies P. c. infuscatus and P. c. australis) such as Kenya and parts of Australia retain breeding plumage all or almost all of the year, with reduced or no winter plumage.89</p><p>The call is a loud barking rah-rah-rah. They can also produce a clicking kek call, and deep growls.</p><p>The chicks, like most grebe chicks, have boldly striped heads, with alternating black and white stripes; they are often colloquially called \"humbugs\" from their resemblance to humbug sweets. They lose these markings as they mature during their first winter.</p>",
        "ro": "<p>Corcodelul mare (Podiceps cristatus) este o pasăre acvatică de mărime medie din ordinul Podicipediformes și cel mai mare reprezentant al acestui ordin în Europa. Se găsește pe toate continentele din emisfera estică, fiind astfel unul dintre cei mai răspândiți cufundari din lume. Preferă zonele cu ape mai adânci, bogate în hrană și stufărișurile pentru adăpost și cuibărit. Se caracterizează printr-un spectacol de curtare elaborat, care implică dansuri și demonstrații sincronizate.</p>"
      },
      "habitat": {
        "en": "reedbeds",
        "ro": "zone de coastă, stufărișuri"
      },
      "rarity": "common",
      "monthlyRarity": {
        "1": "M",
        "2": "M",
        "3": "M",
        "4": "M",
        "5": "M",
        "6": "M",
        "7": "M",
        "8": "M",
        "9": "M",
        "10": "M",
        "11": "M",
        "12": "M"
      },
      "status": "AY",
      "statusDetails": "Resident",
      "conservationStatus": "",
      "wikipediaUrl": "https://en.wikipedia.org/wiki/Great_crested_grebe",
      "wikipediaUrlRo": "https://ro.wikipedia.org/wiki/Corcodel_mare",
      "image": "podiceps_cristatus_00.jpg",
      "thumbnail": "podiceps_cristatus_00_thumb.jpg",
      "imageCredit": {
        "filename": "podiceps_cristatus_00.jpg",
        "author": "Roger Culos",
        "license": "CC BY-SA 4.0",
        "sourceUrl": "https://commons.wikimedia.org/wiki/File:Podiceps_cristatus_MHNT.ZOO.2010.11.38.1.jpg",
        "attribution": "Photo by Roger Culos / Wikimedia Commons / CC BY-SA 4.0"
      }
    },
    {
      "id": "21",
      "scientific": "Sterna hirundo",
      "name": {
        "en": "Common Tern",
        "ro": "Tern comun"
      },
      "description": {
        "en": "<p>The nominate subspecies of the common tern is 31–35 cm (12–14 in) long, including a 6–9 cm (2.4–3.5 in) fork in the tail, with a 77–98 cm (30–39 in) wingspan. It weighs 110–141 g (3.9–5.0 oz). Breeding adults have pale grey upperparts, very pale grey underparts, a black cap, orange-red legs, and a narrow pointed bill that can be mostly red with a black tip, or all black, depending on the subspecies. The common tern's upper wings are pale grey, but as the summer wears on, the dark feather shafts of the outer flight feathers become exposed, and a grey wedge appears on the wings. The rump and tail are white, and on a standing bird the long tail extends no further than the folded wingtips, unlike the Arctic and roseate terns in which the tail protrudes beyond the wings. There are no significant differences between the sexes. In non-breeding adults, the forehead and underparts become white, the bill is all black or black with a red base, and the legs are dark red or black. The upper wings have an obvious dark area at the front edge of the wing, the carpal bar. Terns that have not bred successfully may moult into non-breeding adult plumage beginning in June, though late July is more typical, with the moult suspended during migration. There is also some geographical variation; Californian birds are often in non-breeding plumage during migration.</p><p>Juvenile common terns have pale grey upper wings with a dark carpal bar. The crown and nape are brown, and the forehead is ginger, wearing to white by autumn. The upper parts are ginger with brown and white scaling, and the tail lacks the adult's long outer feathers. Birds in their first post-juvenile plumage, which normally remain in their wintering areas, resemble the non-breeding adult, but have a duskier crown, dark carpal bar, and often very worn plumage. By their second year, most young terns are either indistinguishable from adults, or show only minor differences such as a darker bill or white forehead.</p><p>The common tern is an agile flyer, capable of rapid turns and swoops, hovering, and vertical take-off. When commuting with fish, it flies close to the surface in a strong head wind, but 10–30 m (33–98 ft) above the water in a following wind. Unless migrating, normally it stays below 100 m (330 ft), and averages 30 km/h (19 mph) in the absence of a tail wind. Its average flight speed during the nocturnal migration flight is 43–54 km/h (27–34 mph) at a height of 1,000–3,000 m (3,300–9,800 ft).</p><p>Juveniles moult into adult plumage in its first October; first the head, tail, and body plumage is replaced, mostly by February, then the wing feathers. The primaries are replaced in stages; the innermost feathers moult first, then replacement is suspended during the southern winter (birds of this age staying in their wintering areas) and recommences in the autumn. In May to June of the second year, a similar moult sequence starts, with a pause during primary moult for birds that return north, but not for those that stay in the winter quarters. A major moult to adult breeding plumage occurs in the next February to June, between forty and ninety per cent of feathers being replaced. Old primary feathers wear away to reveal the blackish barbs beneath. The moult pattern means that the oldest feathers are those nearest the middle of the wing, so as the northern summer progresses, a dark wedge appears on the wing because of this feather ageing process.</p>",
        "ro": "<p><em>(tradus automat din Engleză)</em></p>\n<p>Subspecia nominalizată a șternului comun are o lungime de 31–35 cm (12–14 inchi), inclusiv o furcă de 6–9 cm (2,4–3,5 inchi) în coadă, cu o anvergură a aripilor de 77–98 cm (30–39 inchi). Cântărește 110–141 g (3,9–5,0 oz). Adulții care se reproduc au părțile superioare de culoare gri pal, părțile inferioare de un gri foarte pal, un capac negru, picioare roșu-portocaliu și un cic îngust ascuțit care poate fi în mare parte roșu cu vârful negru sau complet negru, în funcție de subspecie. Aripile superioare ale sternului comun sunt de culoare gri pal, dar pe măsură ce vara se uzează mai departe, tijele de pene întunecate ale penelor exterioare de zbor devin expuse, iar pe aripi apare o pană gri. Crupa și coada sunt albe, iar la o pasăre în picioare coada lungă nu se extinde mai departe de vârfurile aripilor îndoite, spre deosebire de sternele arctice și trandafirii, în care coada iese dincolo de aripi. Nu există diferențe semnificative între sexe. La adulții care nu se reproduc, fruntea și părțile inferioare devin albe, cicul este negru sau negru cu o bază roșie, iar picioarele sunt roșu închis sau negru. Aripile superioare au o zonă întunecată evidentă la marginea din față a aripii, bara carpiană. Seternii care nu s-au înmulțit cu succes pot năpârli în penajul adult nereprodus începând din iunie, deși sfârșitul lunii iulie este mai tipic, cu năpârlirea suspendată în timpul migrației. Există, de asemenea, unele variații geografice; Păsările din California sunt adesea în penajul nereprodus în timpul migrației.</p>\n<p>Sternurile comune juvenile au aripi superioare de culoare gri pal, cu o bară carpiană întunecată. Coroana și ceafa sunt maro, iar fruntea este ghimbir, devine albă până toamna. Părțile superioare sunt ghimbir cu solzi maro și alb, iar coada nu are penele lungi exterioare ale adultului. Păsările din primul lor penaj post-juvenil, care rămân în mod normal în zonele lor de iernare, seamănă cu adultul care nu se reproduce, dar au o coroană mai întunecată, o bară carpiană întunecată și un penaj adesea foarte uzat. Până la al doilea an, majoritatea șternilor tineri fie nu se pot distinge de adulți, fie prezintă doar diferențe minore, cum ar fi cicul mai închis sau fruntea albă.</p>\n<p>Sternul obișnuit este un zburător agil, capabil să facă viraje și sărituri rapide, să planeze și să decoleze pe verticală. Când face naveta cu peștele, zboară aproape de suprafață într-un vânt puternic din față, dar la 10–30 m (33–98 ft) deasupra apei în cazul vântului următor. Cu excepția cazului în care migrează, în mod normal rămâne sub 100 m (330 ft) și are o medie de 30 km/h (19 mph) în absența vântului de coadă. Viteza medie de zbor în timpul zborului de migrație nocturnă este de 43–54 km/h (27–34 mph) la o înălțime de 1.000–3.000 m (3.300–9.800 ft).</p>\n<p>Juvenilii năpresc în penajul adult în primul său octombrie; mai întâi capul, coada și penajul corpului sunt înlocuite, mai ales în februarie, apoi penele aripilor. Primarele sunt înlocuite în etape; penele cele mai interioare năpresc mai întâi, apoi înlocuirea este suspendată în timpul iernii sudice (păsările de această vârstă rămân în zonele lor de iernat) și reîncepe în toamnă. În mai până în iunie a celui de-al doilea an, începe o secvență similară de năpârlire, cu o pauză în timpul năpârlirii primare pentru păsările care se întorc la nord, dar nu și pentru cele care rămân în cartierele de iarnă. O năpârlire majoră la penajul de reproducere adult are loc în următoarele luni din februarie până în iunie, între patruzeci și nouăzeci la sută din pene fiind înlocuite. Vechile pene primare se uzează pentru a scoate la iveală barbele negricioase de dedesubt. Modelul de năpârlire înseamnă că cele mai vechi pene sunt cele mai apropiate de mijlocul aripii, astfel încât, pe măsură ce vara nordică progresează, o pană întunecată apare pe aripă din cauza acestui proces de îmbătrânire a penelor.</p>"
      },
      "habitat": {
        "en": "coastal areas, reedbeds",
        "ro": "zone de coastă, stufărișuri"
      },
      "rarity": "common",
      "monthlyRarity": {
        "1": "",
        "2": "",
        "3": "R",
        "4": "A",
        "5": "A",
        "6": "A",
        "7": "A",
        "8": "A",
        "9": "A",
        "10": "R",
        "11": "",
        "12": ""
      },
      "status": "SB",
      "statusDetails": "Summer breeding",
      "conservationStatus": "",
      "wikipediaUrl": "https://en.wikipedia.org/wiki/Common_tern",
      "wikipediaUrlRo": null,
      "image": "sterna_hirundo_00.jpg",
      "thumbnail": "sterna_hirundo_00_thumb.jpg",
      "imageCredit": {
        "filename": "sterna_hirundo_00.jpg",
        "author": "Hans Hillewaert",
        "license": "CC BY-SA 4.0",
        "sourceUrl": "https://commons.wikimedia.org/wiki/File:Sterna_hirundo_(adult).jpg",
        "attribution": "Photo by Hans Hillewaert / Wikimedia Commons / CC BY-SA 4.0"
      }
    }
  ]
}
