{
  "version": "1.0.0",
  "language": "multilingual",
  "source": "English Wikipedia (en.wikipedia.org) + Romanian Wikipedia (ro.wikipedia.org)",
  "license": "CC-BY-SA 3.0",
  "createdAt": "2025-10-10",
  "totalBirds": 5,
  "birds": [
    {
      "id": "1",
      "scientific": "Ardea cinerea",
      "name": {
        "en": "Grey Heron",
        "ro": "Stârc cenușiu"
      },
      "description": {
        "en": "<p>The grey heron is a large bird, standing up to 100 cm (40 in) tall and measuring 84–102 cm (33–40 in) long with a 155–195 cm (61–77 in) wingspan.  The plumage is largely ashy-grey above, and greyish-white below, with some black on the flanks. Adults have a white head and neck with a broad black supercilium that terminates in the slender, dangling crest, and bluish-black streaks on the front of the neck. The scapular feathers and the feathers at the base of the neck are somewhat elongated. Immature birds lack the dark stripe on the head and are generally duller in appearance than adults, with a grey head and neck, and a small, dark grey crest. The pinkish-yellow beak is long, straight, and powerful, and is brighter in color in breeding adults. The iris is yellow and the legs are brown and very long.</p><p>The main call is a loud croaking \"fraaank\", but a variety of guttural and raucous noises are heard at the breeding colony. The male uses an advertisement call to encourage a female to join him at the nest, and both sexes use various greeting calls after a pair bond has been established. A loud, harsh \"schaah\" is used by the male in driving other birds from the vicinity of the nest and a soft \"gogogo\" expresses anxiety, as when a predator is nearby or a human walks past the colony. The chicks utter loud chattering or ticking noises.</p>",
        "ro": "<p>Stârcul cenușiu (Ardea cinerea), cunoscut și sub numele de bâtlan, este o pasăre din ordinul Pelecaniformes, familia Ardeidae.</p>"
      },
      "habitat": {
        "en": "reedbeds",
        "ro": "zone umede"
      },
      "conservationStatus": "",
      "wikipediaUrl": "https://en.wikipedia.org/wiki/Grey_heron",
      "wikipediaUrlRo": "https://ro.wikipedia.org/wiki/St%C3%A2rc_cenu%C8%99iu",
      "image": "ardea_cinerea_00.jpg",
      "imageCredit": {
        "filename": "ardea_cinerea_00.jpg",
        "author": "Luc Viatour",
        "license": "CC BY-SA 3.0",
        "sourceUrl": "https://commons.wikimedia.org/wiki/File:Ardea_cinerea_Luc_Viatour.jpg",
        "attribution": "Photo by Luc Viatour / Wikimedia Commons / CC BY-SA 3.0"
      }
    },
    {
      "id": "2",
      "scientific": "Ciconia ciconia",
      "name": {
        "en": "White Stork",
        "ro": "Barză albă"
      },
      "description": {
        "en": "<p>The white stork is a large bird. It has a length of 100–115 cm (39–45 in), and a standing height of 100–125 cm (39–49 in). The wingspan is 155–215 cm (61–85 in) and its weight is 2.3–4.5 kg (5.1–9.9 lb). Like all storks, it has long legs, a long neck and a long straight pointed beak. The sexes are identical in appearance, except that males are larger than females on average. The plumage is mainly white with black flight feathers and wing coverts; the black is caused by the pigment melanin. The breast feathers are long and shaggy forming a ruff which is used in some courtship displays. The irises are dull brown or grey, and the peri-orbital skin is black. The adult has a bright red beak and red legs, the colouration of which is derived from carotenoids in the diet. In parts of Spain, studies have shown that the pigment is based on astaxanthin obtained from an introduced species of crayfish (Procambarus clarkii) and the bright red beak colours show up even in nestlings, in contrast to the duller beaks of young white storks elsewhere.</p><p>As with other storks, the wings are long and broad enabling the bird to soar. In flapping flight its wingbeats are slow and regular. It flies with its neck stretched forward and with its long legs extended well beyond the end of its short tail. It walks at a slow and steady pace with its neck upstretched. In contrast, it often hunches its head between its shoulders when resting. Moulting has not been extensively studied, but appears to take place throughout the year, with the primary flight feathers replaced over the breeding season.</p><p>Upon hatching, the young white stork is partly covered with short, sparse, whitish down feathers. This early down is replaced about a week later with a denser coat of woolly white down. By three weeks, the young bird acquires black scapulars and flight feathers. On hatching the chick has pinkish legs, which turn to greyish-black as it ages. Its beak is black with a brownish tip. By the time it fledges, the juvenile bird's plumage is similar to that of the adult, though its black feathers are often tinged with brown, and its beak and legs are a duller brownish-red or orange. The beak is typically orange or red with a darker tip. The bills gain the adults' red colour the following summer, although the black tips persist in some individuals. Young storks adopt adult plumage by their second summer.</p><p>Within its range the white stork is distinctive when seen on the ground. The winter range of C. c. asiatica overlaps that of the Asian openbill, which has similar plumage but a different bill shape. When seen at a distance in flight, the white stork can be confused with several other species with similar underwing patterns, such as the yellow-billed stork, great white pelican and Egyptian vulture. The yellow-billed stork is identified by its black tail and a longer, slightly curved, yellow beak. The white stork also tends to be larger than the yellow-billed stork. The great white pelican has short legs which do not extend beyond its tail, and it flies with its neck retracted, keeping its head near to its stocky body, giving it a different flight profile. Pelicans also behave differently, soaring in orderly, synchronised flocks rather than in disorganised groups of individuals as the white stork does. The Egyptian vulture is much smaller, with a long wedge-shaped tail, shorter legs and a small yellow-tinged head on a short neck. The common crane, which can also look black and white in strong light, shows longer legs and a longer neck in flight.</p>",
        "ro": "<p>Barza albă este o pasăre mare. Are o lungime de 100–115 cm, și o înălțime de 100–125 cm. Anvergura aripilor este de 155–215 cm, iar greutatea sa este de 2,3–4,5 kg. Ca toate berzele, are picioare lungi, gât lung și cioc ascuțit, lung și drept. Sexele sunt identice la aspect, cu excepția faptului că masculii sunt în medie mai mari decât femelele. Penajul⁠(d) este în principal alb cu pene de zbor și tectrice negre; negrul este cauzat de melanina pigmentară. Penele de pe piept sunt lungi și zburlite, ansamblul lor fiind uneori utilizat la curtarea femelelor. Irisul este maro sau gri, iar pielea periorbitală este neagră. Adulții au un cioc roșu strălucitor și picioare roșii, a căror colorare este derivată din carotenoidele din hrană. În unele părți ale Spaniei, s-a constatat că pigmentul se bazează pe astaxantină obținută de la o specie de rac introdusă (Procambarus clarkii⁠(d)), iar culorile roșii strălucitor ale ciocului apar chiar și la pui, spre deosebire de ciocurile de culori mai șterse ale puilor de berze albe din alte zone.</p><p>Ca și în cazul altor berze, aripile sunt lungi și largi, permițând păsării să se ridice rapid. Când dau din aripi, mișcările sunt lente și regulate. Barza zboară cu gâtul întins în față și cu picioarele lungi întinse dincolo de capătul cozii scurte. Merge într-un ritm lent și stabil, cu gâtul înălțat. Când se odihnește, adesea își retrage capul între umeri. Năpârlirea nu a fost studiată pe scară largă, dar pare să aibă loc pe tot parcursul anului, penele de zbor primare fiind înlocuite în timpul sezonului de reproducere.</p><p>La ieșirea din ou, puiul de barză albă este parțial acoperit cu un puf scurt, rar și albicios. Acest puf timpuriu este înlocuit în decurs de o săptămână cu un strat mai dens de puf alb lânos. Până la vârsta de trei săptămâni, puiul dobândește pene scapulare și de zbor negre. La eclozare, puii au picioarele roz, care se transformă în gri-negru pe măsură ce cresc. Ciocul lor este negru, cu vârf maroniu. Până în momentul în care începe să zboare, penajul puilor devine similar cu cel al adultului, deși penele negre sunt adesea colorate în maro, iar ciocul și picioarele sunt de un roșu-maroniu mai deschis, sau portocaliu. Ciocul este de obicei portocaliu sau roșu cu un vârf închis la culoare. În vara următoare, puii dobândesc culoarea roșie a adulților, deși vârfurile negre persistă la unii indivizi. Puii adoptă penajul adulților până la a doua lor vară.</p><p>În arealul său, barza albă este ușor de recunoscut atunci când este văzută la sol. Arealul de iarnă al speciei C. c. asiatica se suprapune cu cel al berzei asiatice cu cioc deschis, care are un penaj similar, dar o altă formă a ciocului. Când sunt văzute de la distanță în zbor, berzele albe pot fi confundate cu alte câteva specii cu modele asemănătoare pe penele de pe partea ventrală, cum ar fi barza cu cioc galben, pelicanul mare alb și vulturul egiptean. Barza cu cioc galben este identificată prin coada ei neagră și ciocul galben mai lung, ușor curbat. Barza albă tinde, de asemenea, să fie mai mare decât barza galbenă. Pelicanul mare alb are picioare scurte care nu se extind dincolo de coada lui, și zboară cu gâtul retras, ținându-și capul aproape de corpul său îndesat, dându-i un profil de zbor diferit. Pelicanii se comportă diferit, zburând în stoluri ordonate, sincronizate, și nu în grupuri dezorganizate de indivizi ca barza albă. Vulturul egiptean este mult mai mic, cu o coadă în formă de triunghi alungit, cu picioare mai scurte și cu un cap mic, gălbui, cu gât scurt. Cocorul comun, care poate părea și el alb-negru în lumină puternică, prezintă picioare mai lungi și un gât mai lung în zbor.</p>"
      },
      "habitat": {
        "en": "coastal areas, reedbeds",
        "ro": "zone de coastă"
      },
      "conservationStatus": "",
      "wikipediaUrl": "https://en.wikipedia.org/wiki/White_stork",
      "wikipediaUrlRo": "https://ro.wikipedia.org/wiki/Barz%C4%83_alb%C4%83",
      "image": "ciconia_ciconia_00.jpg",
      "imageCredit": {
        "filename": "ciconia_ciconia_00.jpg",
        "author": "Andreas Trepte",
        "license": "CC BY-SA 2.5",
        "sourceUrl": "https://commons.wikimedia.org/wiki/File:White_Stork.jpg",
        "attribution": "Photo by Andreas Trepte / Wikimedia Commons / CC BY-SA 2.5"
      }
    },
    {
      "id": "3",
      "scientific": "Pelecanus crispus",
      "name": {
        "en": "Dalmatian Pelican",
        "ro": "Pelican creț"
      },
      "description": {
        "en": "<p>The Dalmatian pelican is the largest of all pelican species and one of the heaviest flying birds in the world, with a body length of 1.6–1.8 m (5 ft 3 in – 5 ft 11 in), a wingspan typically ranging between 2.7–3.2 m (8 ft 10 in – 10 ft 6 in)., and an average weight of about 11 kg (24 lb).</p><p>The species is most easily recognised by its enormous bill, which typically measures between 37 and 45 cm long and includes a large pouch used for catching fish. This makes it the bird species with the second longest bill, only surpassed by the Australian pelican (Pelecanus conspicillatus), whose bill length ranges from 34.6 to 50 cm. During the breeding season, this pouch becomes a vivid orange-red, contrasting with the more subdued yellow or grey tones observed during the rest of the year. The upper mandible remains greyish throughout, often with a slight orange tip.</p><p>The Dalmatian pelican has silvery-white plumage, which may appear more grey or creamy, especially in winter. A distinguishing feature is the presence of a shaggy crest of curly feathers on the nape and back of the head, giving the bird a notably unkempt appearance compared to the smooth-headed great white pelican (Pelecanus onocrotalus). The legs are dark grey, another feature that helps separate it from related species with pinkish legs.</p><p>While generally a quiet species, the Dalmatian pelican may produce deep, guttural grunts, hisses, or barking sounds during the breeding season. Juveniles are overall greyer and duller in appearance, with less distinctive crests and darker plumage, but gradually acquire the characteristic silvery-white plumage as they mature.</p>",
        "ro": ""
      },
      "habitat": {
        "en": "coastal areas, reedbeds",
        "ro": "zone umede"
      },
      "conservationStatus": "",
      "wikipediaUrl": "https://en.wikipedia.org/wiki/Dalmatian_pelican",
      "wikipediaUrlRo": "https://ro.wikipedia.org/wiki/Pelican_cre%C8%9B",
      "image": "pelecanus_crispus_00.jpg",
      "imageCredit": {
        "filename": "pelecanus_crispus_00.jpg",
        "author": "Thomas Bresson",
        "license": "CC BY 2.0",
        "sourceUrl": "https://commons.wikimedia.org/wiki/File:ComputerHotline_-_Pelecanus_crispus_(by)_(1).jpg",
        "attribution": "Photo by Thomas Bresson / Wikimedia Commons / CC BY 2.0"
      }
    },
    {
      "id": "4",
      "scientific": "Pelecanus onocrotalus",
      "name": {
        "en": "White Pelican",
        "ro": "Pelican comun"
      },
      "description": {
        "en": "<p>The great white pelican is a huge bird—only the Dalmatian pelican is, on average, larger among pelicans. It measures 140 to 180 cm (55 to 71 in) in length with a 28.9 to 47.1 cm (11.4 to 18.5 in) enormous pink and yellow bill, and a dull pale-yellow gular pouch. The wingspan measures 226 to 360 cm (7 ft 5 in to 11 ft 10 in), the latter measurement being the highest among extant flying animals outside of the great albatross. The adult male measures about 175 cm (69 in) in length; it weighs from 9 to 15 kg (20 to 33 lb) and larger races from the Palaearctic are usually around 11 kg (24 lb), with few exceeding 13 kg (29 lb). It has a bill measuring 34.7 to 47.1 cm (13.7 to 18.5 in). The female measures about 148 cm (58 in) in length, and is considerably less bulky, weighing 5.4 to 9 kg (12 to 20 lb), and has a bill that measures 28.9 to 40.0 cm (11.4 to 15.7 in) in length. In Lake Edward, Uganda, the average weight of 52 males was found to be 11.45 kg (25.2 lb) and in 22 females it was 7.59 kg (16.7 lb). In South Africa, the average weight of males was 9.6 kg (21 lb) and of females was 6.9 kg (15 lb). Thus the sexual dimorphism is especially pronounced in this species (perhaps the greatest known in any extant pelican), as at times the male can average more than 30% more massive than the female. The great white pelican rivals the kori bustard, which has even more pronounced sexual dimorphism, as the heaviest flying bird to reside in Africa (both averaging perhaps slightly heavier than the cape vulture and the wattled crane). There are a small few slightly heavier flying birds in the Eurasian portions of the range. Among standard measurements, the wing chord is 60 to 73 cm (24 to 29 in), the tail 16 to 21 cm (6.3 to 8.3 in), and the tarsus 13 to 14.9 cm (5.1 to 5.9 in) long. Standard measurements from different areas indicate that pelicans from the Western Palaearctic are somewhat larger than those from Asia and Africa.</p><p>The male has a downward bend in the neck and the female has a shorter, straighter beak. The plumage is predominantly white except on remiges, with a faint pink tinge on the neck and a yellowish base on the foreneck. The primary feathers are black, with white shafts at the bases, occasionally with paler tips and narrow fringes. The secondary feathers are also black, but with a whitish fringe. The upperwing coverts, underwing coverts, and tertials are white. The forehead is swollen and pinkish skin surrounds the bare, dark eyes having brown-red to dark brown irides. It has fleshy-yellow legs and pointed forehead-feathers where meeting the culmen. In breeding season, the male has pinkish skin while the female has orangey skin on its face. The bill is mostly bluish grey, with a red tip, reddish maxilla edges, and a cream-yellow to yolk-yellow gular pouch. The white plumage becomes tinged-pink with a yellow patch on the breast, and the body is tinged yellowish-rosy. It also has a short, shaggy crest on the nape. The white covert feathers contrast with the solid black primary and secondary feathers. The legs are yellow-flesh to pinkish orange. Both male and female are similar, but the female is smaller and has brighter orange facial skin in the breeding season.</p><p>The juvenile has darker, brownish underparts that are palest at the rump, center of the belly, and uppertail coverts. The underwing coverts are mostly dull-white, but the greater coverts are dark and there is a dark brownish bar over the lesser coverts. The rear tertials upperwing coverts mostly have paler tips with a silvery-grey tinge on the greater secondary coverts and tertials. It has dark flight feathers, and brown-edged wings. The head, neck, and upperparts, including the upperwing coverts, are mostly brown—this is the darkest part of the neck. The facial skin and the bill, including its gular pouch, are greyish to dusky greyish. The forehead, rump, and abdomen are white, and its legs and feet are grey. Its blackish tail occasionally has a silvery-grey tinge. Its underparts and back are initially browner and darker than those of the Dalmatian pelican, and the underwing is strongly patterned, similar to the juvenile brown pelican.</p><p>The great white pelican is distinguished from all other pelicans by its plumage. Its face is naked and the feathering on its forehead tapers to a fine point, whereas other species are completely feathered. In flight, the white underwing with black remiges of the adult are similar only to those of the American white pelican (P. erythrorhynchos), but the latter has white inner secondary feathers. It differs from the Dalmatian pelican in its pure white – rather than greyish-white – plumage, a bare pink facial patch around the eye, and pinkish legs. The spot-billed pelican (P. philippensis) of Asia is slightly smaller than the great white pelican, with greyish tinged white plumage, and a paler, duller-colored bill. Similarly, the pink-backed pelican (P. rufescens) is smaller, with brownish-grey plumage, a light pink to off-grey bill, and a pinkish wash on the back.</p>",
        "ro": "<p>Pelicanul comun (Pelecanus onocrotalus) este o pasăre mare, migratoare, ihtiofagă, cu penaj alb, marginea aripilor neagră și cu un cioc lung și încovoiat la vârf și un sac (pungă) de piele galbenă și elastică sub maxilarul inferior în care adună peștii cu care se hrănește; este bun înotător și zboară cu ușurință pe distanțe lungi; trăiește în colonii în stufăriș din sud-estul Europei (majoritatea în Delta Dunării) până în estul Mongoliei și Africa. Este o specie rară,  ocrotită la nivel internațional, fiind inclusă în Cartea Roșie și o specie-simbol pentru Delta Dunării.</p>"
      },
      "habitat": {
        "en": "lakes, coastal areas, reedbeds",
        "ro": "zone de coastă, stufărișuri"
      },
      "conservationStatus": "",
      "wikipediaUrl": "https://en.wikipedia.org/wiki/Great_white_pelican",
      "wikipediaUrlRo": "https://ro.wikipedia.org/wiki/Pelican_comun",
      "image": "pelecanus_onocrotalus_00.jpg",
      "imageCredit": {
        "filename": "pelecanus_onocrotalus_00.jpg",
        "author": "H. Zell",
        "license": "CC BY-SA 3.0",
        "sourceUrl": "https://commons.wikimedia.org/wiki/File:Pelecanus_onocrotalus_-_Zoo_Karlsruhe.jpg",
        "attribution": "Photo by H. Zell / Wikimedia Commons / CC BY-SA 3.0"
      }
    },
    {
      "id": "5",
      "scientific": "Phalacrocorax carbo",
      "name": {
        "en": "Great Cormorant",
        "ro": "Cormoran mare"
      },
      "description": {
        "en": "<p>The great cormorant is a large bird, but there is a wide variation in size in the species' wide range. Weight is reported to vary from 1.5 kg (3 lb 5 oz) to 5.3 kg (11 lb 11 oz). Males are typically larger and heavier than females, with the nominate race P. c. carbo averaging about 10% larger in linear measurements than the smaller subspecies P. c. sinensis. Length can vary from 70 to 102 cm (27+12 to 40 in) and wingspan from 121 to 160 cm (47+12 to 63 in). They are tied as the second largest extant species of cormorant after the flightless cormorant, with the Japanese cormorant averaging at a similar size. In bulk if not in linear dimensions, the blue-eyed shag species complex of the Southern Oceans is only marginally smaller on average.</p><p>The plumage is largely black, but with bronze to greenish iridescence on the wings and tail, and purple iridescence on the body. The eyes are a striking deep sea-green in adults, duller dark grey in juveniles. The tail is fairly long, with 14 feathers. The bill is stout, and strongly hooked at the tip, dark grey at the tip, grading to paler at the base; it also has a yellow, or sometimes red, patch of bare gular skin on the throat at the base of the bill. The legs are short but stout, and dark grey; the feet large, and fully webbed between all four toes (totipalmate). In the breeding season, adults have white filoplume patches on the thighs and on the head and upper neck. The two African subspecies P. c. maroccanus and P. c. lucidus also have more extensive white plumage on the foreneck and breast. In winter, the plumage is more uniformly black, slightly duller and less glossy, and the white filoplumes are shed. Juveniles and immatures have pale to whitish underparts, becoming browner in their second year and reaching adult plumage when 3–4 years old. Great cormorants are mostly silent, but they make various guttural noises at their breeding colonies.</p><p>In European waters the great cormorant can be distinguished from the European shag by its larger size, heavier build, thicker bill, lack of a crest and body plumage with a purple, not green, tinge. In eastern North America, it is similarly larger and bulkier than the double-crested cormorant; the latter species also has more yellow on the throat and bill and lacks the white thigh patches seen on breeding plumage adult great cormorants. Both European shag and double-crested cormorant also differ in having 12, not 14, tail feathers. Identification between the great cormorant subspecies is difficult, and complicated by hybridisation between the subspecies; the most useful character is the shape of the gular skin patch, which forms an acute angle in nominate P. c. carbo, and an obtuse angle in P. c. sinensis; similar variation is used to distinguish P. c. hanedae and P. capillatus in eastern Asia. Differentiation between the two white-breasted African subspecies remains complex and uncertain.</p><p>The white filoplumes on the head in the breeding season vary with both the age of the bird, and the subspecies; older birds have more white filoplumes than younger birds, while nominate P. c. carbo tends to have fewer than P. c. sinensis, but there is much overlap. The extent of variation between individuals means it is not a very useful character for subspecies identification.</p>",
        "ro": "<p>Cormoranul mare (Phalacrocorax carbo) este o specie de pasăre suliformă din familia Phalacrocoracidae cu o distribuție aproape mondială. Locuiește în Eurasia, Africa, Australasia și coastele atlantice ale Americii de Nord, unde trăiește în orice corp mare de apă, cum ar fi lacuri, râuri, estuare și ape de coastă, inclusiv rezervoare.</p>"
      },
      "habitat": {
        "en": "coastal areas, reedbeds",
        "ro": "lacuri, râuri, delte și estuare"
      },
      "conservationStatus": "",
      "wikipediaUrl": "https://en.wikipedia.org/wiki/Great_cormorant",
      "wikipediaUrlRo": "https://ro.wikipedia.org/wiki/Cormoran_mare",
      "image": "phalacrocorax_carbo_00.jpg",
      "imageCredit": {
        "filename": "phalacrocorax_carbo_00.jpg",
        "author": "Christian Ferrer",
        "license": "CC BY-SA 4.0",
        "sourceUrl": "https://commons.wikimedia.org/wiki/File:Phalacrocorax_carbo,_H%C3%A9rault_River_cf01.jpg",
        "attribution": "Photo by Christian Ferrer / Wikimedia Commons / CC BY-SA 4.0"
      }
    }
  ]
}
